Repository,Commit ID
alebabai/linden-honey,8fb2dc6cdefb034c9a8aa32ee8dc7b02e31f3b98
alebabai/linden-honey,9fd5739ecd7002498d4b28da233a612d6426bffe
alebabai/linden-honey,23dfa5bdd988c028e5305e7fe8c9bb17718b3673
alebabai/linden-honey,02913e76301e3b241760f52a35c28fda5923db92
alebabai/linden-honey,5126ec88aedc507cf462f6a660fba50d8c762890
alebabai/linden-honey,71d45feb1e238a1d6b5128b21cbc60cfcc3384b5
alebabai/linden-honey,efe058d39a34547fa3a9085140f9b938d11cb884
alebabai/linden-honey,3b23b4c095ba901c97ab7d91127a85105536ad8b'
all-of-us/workbench,d7283ba4be96addfc495d2093ce87ba2b384699d
amazeeio/lagoon,0c81853baaf0070922ec9e420e9476ebac77367a
amazeeio/lagoon,0cabe3ff9a53745d2fc0c60ba372020c9d5b78f4
amazeeio/lagoon,2a08bb4361b86099224dda25b4110e818dfde934
amazeeio/lagoon,6877050df7a7501f7434630e804b7103cc0621bc
amazeeio/lagoon,c88079e08ddb41a7c9ccb9e42f858f1a77b4c19a
amazeeio/lagoon,fd6b0db52f09dc5a67231c579f745b8df2eb716a
Artemkaaas/indy-sdk,34ee119d87e6beafc3d89765c08a9c23d3f3e2e8
Artemkaaas/indy-sdk,3908cce7ec961f9f47fd8e716f945a07ca7f82ab
Artemkaaas/indy-sdk,99d7a2af4a6b03b4bdf3bb278eef56deddd00600
Artemkaaas/indy-sdk,ad575e6ff542bd67932ea0c674d958f8fb25036c
aspuru-guzik-group/mission_control,a98cbfb31814009b5270390f5c63a82db3b70e50
Asqatasun/Contrast-Finder,83c6b8a1e58a0eadc9d40a0925d28a825cebbd55
bagage/cadastre-conflation,e8e8302ba31905c281f3d17c55d36e895c70040d
bagage/cadastre-conflation,ef318333fc23c456b347720fbd044a9ca3bc6009
benbromhead/cassandra-operator,9e46bab6ad72404b0c621655937d3ce03a25af6b
blobor/skipass.site,47c6e750021ea053aac9d132a3fc5048846bd2d6
blobor/skipass.site,8d9bfa1fe5f2a4f9a9b8d4f96abe7078d89e0d4b
bookbrainz/bookbrainz-site,08cca8211043188364eaaebd3111b922a91f3057
bookbrainz/bookbrainz-site,6846f494d0237bee33dc2b7364841dc324dcff13
bookbrainz/bookbrainz-site,7473ba0a6f77baaf65ce2a944a572df2706badcb
bookbrainz/bookbrainz-site,9122a22a758254fc5dbb133acac3f63b9237f826
bookbrainz/bookbrainz-site,a555039185a4e747a7a90afe50a23185e328a17c
bookbrainz/bookbrainz-site,ad6b69c25a63b7286216bd4e401fe0b3ec029e26
bookbrainz/bookbrainz-site,b0c3093ef40cec8bf21cd8c3caf5ac56e10b5596
bookbrainz/bookbrainz-site,efceb1d059e39161cd5e8893e015a81511cabc7d
BSWANG/denverdino.github.io,bfdb5f72b00a36f5a3cb607ab94606fb6ab2774b
BuiltonDev/pipeline,10b77d19bb186f3b1f0b35b57e99bc66ca9c88f5
BuiltonDev/pipeline,cadbb20868ee94b6d7257891f4f2153ba87fd25f
byran/cyber-dojo-web,16fb884ce91eb72ca80fc6b74f720bdeb3c9965a
byran/cyber-dojo-web,44e7022d0f27a460601b09f397c59f4d0f39150a
byran/cyber-dojo-web,ae7fc78bd1b5d2b90d6c64c462a721fbba005be8
byran/cyber-dojo-web,ca436d5f29ae28215934d637a82dd7c23831c054
byran/cyber-dojo-web,d0a779ff2b3c6a738ec3b30bb43ebe337ea243be
cdietrich/che,341a9b4a13ee219517d698280904d95c06fdc8b2
cgi-eoss/ftep,ad968fa2c179e62c1ca26a003515cbdac177caf0
cloudfoundry-incubator/diego-release,e28947c006b5c314fbec26c5cd4f7f4d0656d1da
CogStack/CogStack-Pipeline,4ce8be25d8914e44f550e7eee60e8cc1d453ede4
CogStack/CogStack-Pipeline,5c3bb92db2622a9b16d70842340036bbdf8899a4
CogStack/CogStack-Pipeline,ae394ce37df66ffe93d1440eba60b3390775151a
collinbarrett/FilterLists,32e11912634ca3919a2d1e3357d2ea3575ed4083
collinbarrett/FilterLists,526c4f7f2372ca6487f854661a5dfadc57732eab
collinbarrett/FilterLists,84d194df209482d8f2bd561c17179ce815cf5389
collinbarrett/FilterLists,b0b1cfdab233f2e385b255ebd9cec247094323af
collinbarrett/FilterLists,cd43daec3d67d59464a28d49f9dcf3e735520b19
collinbarrett/FilterLists,ece877e5678ff6ac8cd42daa1bae9062f46e2145
CrunchyData/crunchy-containers,5df3ae0bbfbbd492ab89f5c9aec7fdaf0fd4cae2
CrunchyData/crunchy-containers,cf7626cb755aec63a1220d21ffd996ce8b4edde9
CrunchyData/crunchy-postgresql-manager,0dbc65b4ff4b8eda2839c2e33fe617c98d35dfa1
CrunchyData/crunchy-postgresql-manager,1960b6d1518c0211fa2ad9dd1bef0d185ada4220
CrunchyData/crunchy-postgresql-manager,da59f56f9c136a1159c09f9a8d6b5b6c27284171
CrunchyData/postgres-operator,4ae5dcf0c58effa64a480c01ba5ff9d25f75a300
CrunchyData/postgres-operator,6a305135c52f518f2a758a2779fee1e87d2d65bd
cyber-dojo-languages/image_builder,34b715a16b0b39dd856198177b922e3791290db1
cyber-dojo-languages/image_builder,b953be15f9b3c2704977556e362af3ef0c7f7fd4
cyber-dojo-languages/image_builder,da252339f858135d6938dfa5ec140a29c75d0f64
cyber-dojo-retired/storer,1e8362066db59cc025b0268ba4dee0f9573cfb0e
cyber-dojo-retired/storer,6eada435f08fa28b1f7adc1baa60ced2f52fb854
cyber-dojo-retired/storer,74c7a87f6cc6400dc177a729d057aadac011c01d
cyber-dojo-retired/storer,77dcfd36e865e35fd4d1327deda13f9aefdfaf78
cyber-dojo-retired/storer,a02954bc55a60bb7892d37f11e9ce6b1bbbf7cb9
cyber-dojo-retired/storer,dcbbe219df8fc94a4c63485e1b0dd7c3bb6f1552
cyber-dojo/commander,1ddb805ddd371be3c580f6528952804faa2e70ac
cyber-dojo/commander,4799f1f9a8d3a601ecb334343ae5fef9957b36c9
cyber-dojo/commander,55b728f64d41f44146f72fccade615b44113b555
cyber-dojo/commander,84edf651f8075a4b6c04dd6c767fd735dd706f37
cyber-dojo/commander,9bf890eccec0b05281548ba1a779033be357e0d0
cyber-dojo/commander,a572fa01966b33a2966b4133ce668f4383250a76
cyber-dojo/commander,b2e6f4b67adb16116f46c80d69ae37c57d0ccb03
cyber-dojo/commander,b378598021cc8c0b0befbbf6573c518758785cc2
cyber-dojo/commander,b55b93aa95c3b086631e5e8579dab9d8e7f7c6f8
cyber-dojo/commander,ed84532d14f0f155be3a777e9c3b84694587b0c1
cyber-dojo/commander,ee5b0ce8a7537678589aedca18c5d47d03d8c839
cyber-dojo/commander,ef6884bdb6c7c6a6f812d07a8e0afac061457db7
di-unipi-socc/DockerFinder,7f17332e1c001aac8601dde5dc0c710569175033
drasko/mainflux,260df3ae406dacf92c6e713725e6f499b18d3e52
drasko/mainflux,b91024465c9cb4010ff24becdf60326d9de3869f
drasko/mainflux,bf189fbd237e846cf2f9e3a0fbcb2c5e1d803a27
drasko/mainflux,d6755e4a72cd2d027defac22f6e56d2c4532b55e
duderoot/generator-jhipster,337c67cdbe6308cb13da12ff46a54abf78790784
eclipse/repairnator,8e365c75d65b894dc06acb0501183b82e6fd492c
eclipse/repairnator,b3c7148a556d31cac79026d21cd7a1cb2be74d9a
ethereum/hive,3d120837d6a9e65f4aec1da0c78fdd669b4f589f
ethereum/hive,a0565d5dd0da299a61f61b325b3fd0ec7e663a8f
gchq/stroom,b5bf4287d1e3aca9a1bc381dc08168730cdc0888
geotrellis/geodocker-cluster,8f45e63a881127debdfe643f7e1d4603fec4966f
geotrellis/geodocker-cluster,ac88b3e27624f9caa86ab72e37ef53e5d1903bfb
go-ggz/ggz,2132fa0fb840b5d147cf17412bb1e9ad43c5414b
go-ggz/ggz,a237745805e5b4365e22cbd694e0543c01a05dd9
harvard-vpal/bridge-adaptivity,7c109a1a93299a936149f725f87581e97fa61aa9
hexagonkt/hexagon,282c4b3c1ad263874a6a7826fba41019cb465f95
hexagonkt/hexagon,6c98c22a19be0f54e499f50756adb7d6b559da9d
hexagonkt/hexagon,99109b64a4f737b6a7592aa88e445e07001b8095
hexagonkt/hexagon,aa8e81e5b0b8c598ba0257d0b66f08e24396fd44
hexagonkt/hexagon,cb9a9faef3f1028ede275cbd42dfd4cba7bb5afc
hexagonkt/hexagon,d31d64318b1014c83d38ee798ca56ee49580dbd2
HumanExposure/factotum,1cc8f7c4e89ad1dc736e269ee4e934f3ffaa2ea8
HumanExposure/factotum,72f62e409205c25b4205bea7e753c32097754c0d
HumanExposure/factotum,936444edd06f793a078734e5f0f210f5e231a4d3
HumanExposure/factotum,c13bc850e0c6c916feb8f0d4215550e273d6d0a6
HumanExposure/factotum,d5fe5db18ccdcec56b54a17380e11a5d7426cca6
HumanExposure/factotum,d7c05445e6089703cb0f5494e9ce301e2d3fe9ca
HumanExposure/factotum,ee595370e4f5b9fa89e3f7b3ab0257a613ef882f
InnovateUKGitHub/innovation-funding-service,f7b5921af78a4829a7776441ef2a1c7482b4759d
instructure/straitjacket,adb52a7a71847339b25bfba2556f807dbb0c1094
ITISFoundation/osparc-lab,53c78ae9e5163ce51f3aa929d731cb1b41a8583e
ITISFoundation/osparc-lab,f121502f9c10d15b0a8460e2a05c82b70242d71e
kr1sp1n/node-vault,c81353ead66ffb5403dfaca70d125917f3c05695
kuzzleio/kuzzle,5714acc19d08723912a1192b5918aa00815a724b
kuzzleio/kuzzle,a48ac421e53e87c1694369f719e4b3269e4c2048
labsai/EDDI,0fe697d48e0faa06db82a4760d0bf5e4488539a2
lixiaocong/lxcCMS,a35b2373f5d91cb651c99982402846271142f0ba
lixiaocong/lxcCMS,ce35fbdbbd9814113eb6a7abd8afc2cb3a900a15
lockss/laaws-metadataservice,d6310ab9eb982f5219322c854ffc4d18e7c9e335
luismayta/dotfiles,93add92195e9a75900b91a81a446adb3c9ba0ed4
luismayta/dotfiles,b41c1e5086b8b7ac840026023f5342c071715ba3
luismayta/dotfiles,b90e0bd4b49824722c07d1a08bf11421a9a07b4f
luismayta/dotfiles,cdf0ebd44e6f8cb6b9ef93f0210548eaa6a06d33
macarthur-lab/matchbox,36fa62dec391e268abf377cba66a8d63885784ec
mars-lan/datahub,4f221f9a126f6f176f02f85f45da9b5a6b43e1f7
mars-lan/datahub,509b2e1515b77213e5418e1d5a3b979e763aa09f
mars-lan/datahub,5ac098fbdd419ad36e379065484c8e3ac43473fa
mars-lan/datahub,94ffb300a97145a9e9072a70dfe67f84c9f817f5
mars-lan/datahub,b8e18b0b5d56b4fa69b4bc35e8055176f9577dee
Martin2112/trillian,27ec6e17653d81beab3e62ff3710dfd1e937a04e
MetaBarj0/carrier,8928eafefd321bf912e8a3f156275bbccec80c72
mondediefr/mondedie-chat,061976b5e42b6569e0086a4d7bb62db795246be8
mondediefr/mondedie-chat,1fb06719ea6c91919afe3a554499e85c0582c9a9
mondediefr/mondedie-chat,5c7294993a2eebb3e7597cc82f3df151abae95b8
mondediefr/mondedie-chat,6980125650253db7e74ceb46c9113c272e929c53
mondediefr/mondedie-chat,a5d5a77cbbe8584edc008b184561fac17eb69154
mondediefr/mondedie-chat,b59dbdaa53ffb021ab30981b580128e01a80dd11
muccg/rdrf,a27071e91d6dbdf6898cac1d1ccd6c0a4c8788b0
muccg/rdrf,f7d2b4d1643254297a22554a1c3d7a3b20cc50e8
openpitrix/openpitrix,bc8993bf2c095313c504284bc595e90a2fa3b2fa
openpitrix/openpitrix,ef238746d524d47599896fc8481cd8f586f178fb
openzipkin/zipkin,4e74b2911e080d21ff2b97cff59ae56f0bfecc33
openzipkin/zipkin,ecc55d6bab4a92815cbd49ea92056d3e02b93bf4
openzipkin/zipkin,284642996912b224c8129af7f12d0fbc65cde94
ory-am/hydra,03a28c3e27138fc18675810b81b2b499d147da84
outlierbio/ob-pipelines,5dc54b76cb5105e7ce574a469c0614201cd40585
overture-stack/SONG,549409902410a939e504e01300aa42deead1857d
rackerlabs/blueflood,9147bb90f4bfb3b54de4e22bd81721d01a1d873b
rancher/mesos-catalog,ecfab8b55ceec8ee80e217828abae2fd1cde865b
reportportal/service-api,081829f6d651aa157474ba706b9b417f4a6efd42
reportportal/service-api,24ab7ce77b50ee8d86e83706534d809022ba4d0d
reportportal/service-api,5aa56a51080531cd275ce1828a992e0ccd2d37d6
reportportal/service-api,878891d3aa7b30caeb911e3fd0049dd444493cc2
reportportal/service-api,9c630f21f07cf0db9e7d8dd30e6e787e1f198cfd
reportportal/service-api,ab0caea015bd9eb470e5670bb5b94af6c54b023c
reportportal/service-api,ab3ea099a1741984a9bf50187b2b3670efb57b1c
reportportal/service-api,c72b1b3111063fcc6d9ef261cb1973380b9d4e06
reportportal/service-api,e65122e7434d6a0c21fb1b2c6ee36913da503890
RichardKnop/go-oauth2-server,a95971de41141fb75065457ba5d85d12d154eb59
robymes/OrdinglcDocker,05e8b2a5d2885a416d836ea6eb3d2ce479a01fda
robymes/OrdinglcDocker,0eb6d13dfe9d3017ca450e82421fb00572fe495d
robymes/OrdinglcDocker,1a1c534c7e866abf4f4c29e247ec70e201dc0cf8
robymes/OrdinglcDocker,1cf2a24f9f5d656f4e793dc856810e594215b058
robymes/OrdinglcDocker,3f256e7b4e7e9b8ae74b2f922f4575c9587b3688
robymes/OrdinglcDocker,801f0d55afa47c77a981ab29be5d1c97a05cb136
robymes/OrdinglcDocker,83ead108285fe883945656f23a2dd90e5bcdf408
robymes/OrdinglcDocker,b8b116f37b0b9d3f216412d86714370306431180
robymes/OrdinglcDocker,c12c7d6ef54e3c7fe5ba9628d2bb5a17f13e6aeb
robymes/OrdinglcDocker,d6b383bda0d0dabff1f4ea1b57acd39a4371f673
scalableminds/webknossos,02a86cfd79fe383497032a938bd8eedaf68f6b69
scalableminds/webknossos,4964a26a5c7546e74a65d4ca4e611e54b306498c
scalableminds/webknossos,6817088fb2976558ea01e3b92d74349c2cf29762
scalableminds/webknossos,9f113da973357f3f0197dc9ffffd1e83ea38c91b
scalableminds/webknossos,bd8d3743832ec0835ceaf053e342298b4989220e
scalableminds/webknossos,d559ee3b7c65b3414deb2c0831802d167e3578c2
simonsdave/cloudfeaster,1932e549ab650b09ae55a311f10f40480b48deb8
simonsdave/cloudfeaster,2f828f6d8b21f4015dc03ab70c0d385bba644572
simonsdave/cloudfeaster,74c76f3ff4632efa8eb94fde5153de9e90ad7c45
simonsdave/cloudfeaster,9cfb13c9ffadb9fcc2dc4341722233e6980136d2
simonsdave/cloudfeaster,dcc430391020c7ea6a95b7dea2f1db49e5a6fdc8
SKA-ScienceDataProcessor/integration-prototype,bc14ede78346b3633aeaf78e6b41d238659b7769
Soluto/tweek,2e3e4d957067b8e9aa3e0c197ac107d6bae84eff
Soluto/tweek,4a2801e36c31d22cd30feb1aac6ac49ed974ed29
stafli-org/stafli.stack.php,968a5ecda35db4598154b2f37718cf0c3d88dc02
unbalancedparentheses/docker-erlang,9787e1af27210812805e92a5b70f78db37921013
vietj/vertx-pg-client,f48f6e4aec827862e275f56fe3fc315c0bc1ac4b
xhochy/arrow,5114be64123f03862e789c960980bcff7c5428ff
xhochy/arrow,72b553147e4bd47e100fbfd58ed49041561b7bc4
xhochy/arrow,7bc2b0f3579b6fc2d1d6d9797f3a1e5e3726131f
xhochy/arrow,c7cb1cee388bbfa890ce724f6a7a95991bd8eb1f