,repo_name,fork
0,oktadeveloper/jhipster-microservices-example,False
1,houshengbo/openwhisk,True
2,sopnopriyo/sopnopriyo,False
3,openfl/lime,False
4,MinoGames/lime,True
5,peacekeeper/indy-sdk,True
6,Artemkaaas/indy-sdk,True
7,snapcore/snapcraft,False
8,bp-kelley/rdkit,True
9,Microsoft/bond,False
10,migumar2/uiHRDC,False
11,RandyAbernethy/ThriftBook,False
12,ssorj/quiver,False
13,rgee0/faas,True
14,sappo/zproto,True
15,curioswitch/curiostack,False
16,ray-project/ray,False
17,bzz/kythe,True
18,thought-machine/pleasings,False
19,svaarala/duktape,False
20,tvolkert/engine,True
21,OpenOverlayRouter/oor,False
22,apache/orc,False
23,janmulder/subsurface,True
24,GokuMizuno/OpenRCT2,True
25,wolfreak99/OpenRCT2,True
26,duke8253/trafficserver,True
27,aws/aws-lambda-java-libs,False
28,grulja/tigervnc,True
29,sartura/libyang,True
30,lift-project/lift,False
31,project-chip/connectedhomeip,False
32,GamesCrafters/GamesmanClassic,False
33,docker-flink/official-images,True
34,fberst/xcsoar,True
35,stephenc/jenkins,True
36,daveho/CloudCoder,False
37,manderson23/NewsBlur,True
38,damorim/testing-cin,False
39,Softmotions/ejdb,False
40,tsandall/contrib,True
41,sosy-lab/java-smt,False
42,puma/puma,False
43,miyucy/snappy,False
44,phxql/argon2-jvm,False
45,intel-analytics/BigDL,False
46,leviathan747/bridgepoint,True
47,travislondon/bridgepoint,True
48,lwriemen/bridgepoint,True
49,euranova/code_retreat,False
50,doubtfire-lms/doubtfire-api,False
51,GoogleCloudPlatform/serverless-photosharing-workshop,False
52,lambci/docker-lambda,False
53,GoogleCloudPlatform/eventarc-samples,False
54,siemens/fossology,True
55,nbrady-techempower/FrameworkBenchmarks,True
56,sxend/FrameworkBenchmarks,True
57,cliffano/swaggy-jenkins,False
58,coinapi/coinapi-sdk,False
59,egustafson/sandbox,False
60,STJr/SRB2,False
61,mF2C/COMPSs,True
62,grpc/grpc,False
63,icexelloss/arrow,True
64,apache/arrow,False
65,tuan3w/visual_search,False
66,apache/oodt,False
67,ibuenros/gobblin,True
68,happybits/djinni,False
69,dashee/dashee,False
70,dropbox/djinni,False
71,kruton/connectbot,True
72,connectbot/connectbot,False
73,realm/realm-java,False
74,GoogleCloudPlatform/cloud-debug-java,False
75,grpc/grpc-web,False
76,neuropoly/qMRLab,False
77,jtracey/Signal-Android,True
78,kaif-open/kaif,False
79,saintx/ctia,True
80,palfrey/herder,False
81,akranga/kube-workshop,False
82,madanadit/alluxio,True
83,davygeek/vitess,True
84,dcadevil/vitess,True
85,shekhargulati/52-technologies-in-2016,False
86,wesleyegberto/courses-projects,False
87,rroart/stockstat,False
88,imixs/imixs-microservice,False
89,fullsync/fullsync,False
90,nlbdev/nordic-epub3-dtbook-migrator,False
91,StefanSchubert/sabi,False
92,elixir-no-nels/trackfind,False
93,WASdev/sample.daytrader7,False
94,broadinstitute/picard,False
95,tamada/9rules,False
96,marcellorego/SpringLabs,False
97,epikosrest/epikos,False
98,Leibnizhu/AlipayWechatPlatform,False
99,idealo/mongodb-slow-operations-profiler,False
100,evgeniyosipov/jbelly,False
101,ldebello/javacuriosities,False
102,shallotsh/kylin,False
103,pgnunes/sabproxy,False
104,pxai/dockerfile-samples,False
105,ACP3/cms,False
106,JiangTJ/enterpriseAssetManagement,False
107,uPortal-Project/uportal-app-framework,False
108,alexbtk/amos-ss16-proj9,False
109,apache/wicket,False
110,RudolfCardinal/crate,False
111,STAMP-project/dspot,False
112,gkatsikas/onos,True
113,opennetworkinglab/onos,False
114,aldaris/wicket,True
115,dashorst/wicket,True
116,DudaKamil/greedy,False
117,sqshq/PiggyMetrics,False
118,phax/peppol-yellow-pages,False
119,seedstack/samples,False
120,tascape/reactor-report,False
121,ligoj/ligoj,False
122,brettonw/Bedrock,False
123,openviglet/turing,False
124,KritikalFabric/corefabric.io,False
125,sendilkumarn/generator-jhipster,True
126,EricWittmann/apiman,True
127,cbornet/generator-jhipster,True
128,mitallast/netty-queue,False
129,segler-alex/radiobrowser,False
130,gsgama/shortener,False
131,DrPandemic/aigar.io,False
132,smartkit/COVITAS,False
133,ls1intum/ArTEMiS,False
134,stanley89/helios-server,True
135,miguelfc/marble,False
136,wso2/security-tools,False
137,georchestra/cadastrapp,False
138,CourseMapper/course-mapper,False
139,digibib/ls.ext,False
140,validator/validator,False
141,WASdev/sample.voice.gateway,False
142,OrienteerBAP/Orienteer,False
143,JorgeGalingP/DAW-2017,False
144,ninthridge/deeviar,False
145,keeps/roda,False
146,hs-jenkins-bot/Singularity,True
147,muzir/SpringWorkout,False
148,gkeele21/topdawgsports,False
149,hortonworks/cloudbreak,False
150,EMBL-EBI-SUBS/subs-api,False
151,opengeospatial/ets-wms13,False
152,cinchapi/concourse,False
153,Cardshifter/Cardshifter,False
154,baumbachlab/keypathwayminer-web,False
155,javiermartinalonso/javiermartinalonso.github.io,False
156,green-vulcano/gv-engine,False
157,IDgis/geo-publisher,False
158,flesire/ontrack,True
159,shirshanka/gobblin,True
160,leleuj/cas,True
161,OpenVidu/openvidu,False
162,GeoscienceAustralia/Geodesy-Web-Services,False
163,bonitasoft/bonita-ui-designer,False
164,samrocketman/jervis,False
165,darxriggs/CodeNarc,True
166,iHelin/iHelin,False
167,sismics/docs,False
168,jfarid27/mev,True
169,Fedict/lod-vocab,False
170,zhangdaiscott/jeecg-boot,False
171,Intera/urlaubsverwaltung,True
172,radargun/radargun,False
173,hortonworks/streamline,False
174,tdiesler/wildfly-camel,True
175,HomeAdvisor/Kafdrop,False
176,cgi-eoss/fstep,False
177,moravianlibrary/mapseries,True
178,emilybache/GildedRose-Refactoring-Kata,False
179,awsdocs/aws-doc-sdk-examples,False
180,lagadic/visp,False
181,google/google-ctf,False
182,opencv/opencv,False
183,halatmit/appinventor-sources,True
184,blackducksoftware/ohcount,True
185,lcahlander/exist,True
186,srose/keycloak,True
187,hmlnarik/keycloak,True
188,vmuzikar/keycloak,True
189,RodolfoDiaz/codelibrary,False
190,apache/camel,False
191,dice-group/LIMES,False
192,tvolkert/plugins,True
193,robertwb/incubator-beam,True
194,chamikaramj/beam,True
195,JonZeolla/metron,True
196,kylerichardson/metron,True
197,metatron-app/metatron-discovery,False
198,nishantmonu51/druid,True
199,DiUS/pact-jvm,False
200,ericvergnaud/antlr4,True
201,axbaretto/beam,False
202,superbstreak/drill,True
203,paul-rogers/drill,True
204,tlby/mxnet,True
205,ForkedReposBak/mxnet,True
206,darionyaphet/spark,True
207,ConeyLiu/spark,True
208,kiszk/spark,True
209,rezasafi/spark,True
210,rednaxelafx/apache-spark,True
211,hvanhovell/spark,True
212,daniel-beck/jenkins,True
213,wwjiang007/flink,True
214,apache/flink,False
215,tony810430/flink,True
216,vocol/vocol,False
217,apache/syncope,False
218,ontop/ontop,False
219,quarkusio/quarkus,False
220,broadinstitute/rawls,False
221,michel-kraemer/citeproc-java,False
222,intuit/karate,False
223,apinf/api-umbrella,True
224,luanshixia/ProjectCollection,False
225,bytescout/ByteScout-SDK-SourceCode,False
226,SeleniumHQ/selenium,False
227,mltframework/mlt,False
228,fireblock/go-ethereum,True
229,biblepay/biblepay,True
230,DrKLO/Telegram,False
231,rigidus/rigidus.ru,False
232,Telegram-FOSS-Team/Telegram-FOSS,False
233,koldat/rocksdb,True
234,pataquets/namecoin-core,True
235,cirosantilli/linux-kernel-module-cheat,False
236,maticnetwork/bor,False
237,mirokuratczyk/psiphon-tunnel-core,True
238,grueni75/GeoDiscoverer,False
239,majetideepak/arrow,True
240,wesm/arrow,True
241,rmtheis/tess-two,False
242,vitessio/vitess,False
243,rmaz/buck,True
244,romanoid/buck,True
245,shs96c/buck,True
246,MathieuDuponchelle/meson,True
247,google/filament,False
248,arborh/tensorflow,True
249,chemelnucfin/tensorflow,True
250,kobejean/tensorflow,True
251,ZhangXinNan/tensorflow,True
252,apark263/tensorflow,True
253,theflofly/tensorflow,True
254,fujicoin/fujicoin,False
255,namecoin/namecoin-core,True
256,Xekyo/bitcoin,True
257,ssalevan/neohabitat,True
258,abhishekkr/tutorials_as_code,False
259,eamodio/vscode,True
260,ilantukh/ignite,True
261,shroman/ignite,True
262,thinkerou/grpc,True
263,khatchad/vimrc,True
264,tensorflow/tensorflow,False
265,paolodedios/tensorflow,True
266,pivotal-jbarrett/geode-native,True
267,JudahGabriel/Chavah,False
268,jasonwee/videoOnCloud,False
269,infosiftr/stackbrew,True
270,nandakumar131/hadoop,True
271,facebook/watchman,False
272,GeLiXin/hadoop,True
273,mahak/hbase,True
274,apurtell/hbase,True
275,ChinmaySKulkarni/hbase,True
276,ultratendency/hbase,True
277,lionell/labs,False
278,nnethercote/servo,True
279,jimberlage/servo,True
280,awhitford/DependencyCheck,True
281,telk5093/OpenRCT2,True
282,snoopycrimecop/openmicroscopy,True
283,zeromq/zyre,False
284,opengisch/QField,False
285,therecipe/qt,False
286,aehlig/bazel,True
287,snoopycrimecop/bioformats,True
288,AnySoftKeyboard/AnySoftKeyboard,False
289,godfath3r/jenkins,True
290,landryb/georchestra,True
291,kageiit/buck,True
292,igniterealtime/Openfire,False
293,rmetzger/flink,True
294,CosmicScientist/-tg-station,True
295,securitycopper/-tg-station,True
296,Aranclanos/-tg-station,True
297,dlresende/extreme-carpaccio,False
298,mumian/azure-quickstart-templates,True
299,AnshulYADAV007/Lean,True
300,BcryptNet/bcrypt.net,False
301,jfrazee/nifi,True
302,abudnik/mesos,True
303,elandau/grpc-java,True
304,stanley-cheung/grpc-java,True
305,apache/bigtop,False
306,aperepel/nifi,True
307,kl0u/flink,True
308,aljoscha/flink,True
309,greghogan/flink,True
310,fhueske/flink,True
311,tzulitai/flink,True
312,zhaoshuxue/document,False
313,GoogleContainerTools/skaffold,False
314,dzhw/metadatamanagement,False
315,LNTakeshi/beatoraja,True
316,OpenDiabetes/OpenDiabetesVault,False
317,camunda-consulting/camunda-showcase-insurance-application,False
318,wendal/nutz-book-project,False
319,treasure-data/digdag,False
320,nablarch/nablarch-document,False
321,Gepardec/Hogarama,False
322,AuScope/ANVGL-Portal,False
323,squireg/ANVGL-Portal,True
324,nobodyiam/apollo,True
325,robcast/digilib,False
326,lexml/lexml-toolkit,False
327,P2Pvalue/swellrt,True
328,descampsk/wavevote,False
329,davidblus/android_dynamic_detection,False
330,derrickoswald/CIMApplication,False
331,alibaba/canal,False
332,cerberustesting/cerberus-source,False
333,mapfish/mapfish-print,False
334,enioka/jqm,False
335,NCIEVS/evsrestapi,False
336,akmaharshi/jenkins,False
337,gossion/azure-quickstart-templates,True
338,GoogleCloudPlatform/java-docs-samples,False
339,fogbeam/zeppelin_mirror,False
340,bryaakov/CM-Well,True
341,b2ihealthcare/snow-owl,False
342,RETIT/continuous-performance-evaluation,False
343,iteratec/OpenSpeedMonitor,False
344,wilkinsona/spring-boot,True
345,eddumelendez/spring-boot,True
346,CenturyLinkCloud/mdw,False
347,spring-projects/spring-boot,False
348,Buzzardo/spring-boot,True
349,mdeinum/spring-boot,True
350,jxblum/spring-boot,True
351,vpavic/spring-boot,True
352,kairosdb/kairosdb,False
353,olamy/archiva,True
354,VipinRathor/zeppelin,True
355,zetaris/zeppelin,True
356,joroKr21/incubator-zeppelin,True
357,thingsboard/thingsboard,False
358,volodymyr-babak/thingsboard,True
359,shakuzen/spring-boot,True
360,mbenson/spring-boot,True
361,drumonii/spring-boot,True
362,gamerson/liferay-blade-cli,True
363,nzthiago/azure-quickstart-templates,True
364,valib/UniversalMediaServer,True
365,GoogleCloudPlatform/cloud-builders-community,False
366,qamatic/mintleaf,False
367,mihbor/kafka,True
368,KevinLiLu/kafka,True
369,OpenAS2/OpenAs2App,False
370,trask/glowroot,True
371,fmtn/a,False
372,rwth-acis/REST-OCD-Services,False
373,ihongs/HongsCORE,False
374,snicoll/initializr,True
375,ACINQ/eclair,False
376,weacast/weacast,False
377,jcgay/maven-color,False
378,jenkinsci/groovy-plugin,False
379,charleskorn/batect,False
380,softelnet/sponge,False
381,fuhoujun/e,False
382,fastnsilver/grivet,False
383,orientechnologies/orientdb-gremlin,False
384,orientechnologies/orientdb,False
385,ahus1/keycloak-dropwizard-integration,False
386,fcrepo4-labs/fcrepo-api-x,False
387,ewolff/SCS-ESI,False
388,aaudiber/alluxio,True
389,cockroachdb/examples-orms,False
390,Fitbit/FitbitSummerSchool2019,False
391,blabbertabber/speechbroker,False
392,arthurbarr/mq-container,True
393,istio/istio,False
394,pritidesai/incubator-openwhisk-wskdeploy,True
395,ohadshacham/phoenix,True
396,Zomzog/zeShop,False
397,killme2008/xmemcached,False
398,codeurjc/spring-cloud-aws-sample,False
399,redhat-helloworld-msa/api-gateway,False
400,drwetter/testssl.sh,False
401,jose/defects4j,True
402,ivans-innovation-lab/my-company-monolith,False
403,cerner/beadledom,False
404,saturnism/spring-boot-docker,False
405,kamax-io/mxisd,False
406,oci-pronghorn/GreenLightning,False
407,opencadc/cdp,False
408,napstr/wolfia,False
409,vrozov/apex-core,True
410,tushargosavi/apex-core,True
411,psycopaths/jdart,False
412,looker-open-source/calcite-avatica,True
413,takezoe/incubator-predictionio,True
414,woken-ml/java-base-docker-images,True
415,SonarSource/sonar-python,False
416,ivandejanovic/vertx-demo,False
417,xSzymo/Chat-bot,False
418,trentlarson/Schedule-Forecast,False
419,andrzejsydor/docker,False
420,digammas/damas,False
421,box/mojito,False
422,Brett55/moto,True
423,WASdev/ci.maven,False
424,apache/tez,False
425,brucehoff/EvaluationStatistics,True
426,gnj-soft/salsa-club,False
427,pajikos/java-examples,False
428,agpartha/java,False
429,bremersee/eureka,False
430,adessoAG/JenkinsHue,False
431,olacabs/fabric,False
432,ev3dev-lang-java/ev3dev-lang-java,False
433,GoogleCloudDataproc/hive-bigquery-storage-handler,False
434,lreimer/cloud-native-javaee,False
435,liyuntao/renren-analysis,False
436,larscheid-schmitzhermes/nexus3-github-oauth-plugin,False
437,deanydean/randoms,False
438,GoogleCloudPlatform/solutions-pubsub-proxy-rest,False
439,saintdan/spring-microservices-boilerplate,False
440,n-at/arbirter,False
441,VSETH-GECO/GECkO,False
442,MSG134/TS_HelloWorld,False
443,openshift-roadshow/mlbparks,False
444,sam0411/SpringBoot,False
445,yorch81/WebOcr,False
446,AllanHoejgaardJensen/seed-rest-server-jee7,False
447,kennycyb/java-ui-factory,False
448,trifork/bemyndigelsesregister,False
449,cygni/snakebot,False
450,acopom/split4blank,False
451,petkivim/x-road-test-service,False
452,jonashackt/restexamples,False
453,xuxueli/xxl-conf,False
454,mxbossard/scripts,False
455,folio-org/mod-configuration,False
456,tychobrailleur/vertx-sandbox,False
457,square/keywhiz,False
458,openstack/monasca-persister,False
459,google/dwh-migration-tools,False
460,tower-hawk/tower-hawk,False
461,vinothchandar/hoodie,True
462,hnjobs/parser,False
463,solita/clamav-rest,False
464,smoketurner/notification,False
465,cbadenes/farolapi,False
466,belaban/jgroups-docker,False
467,bhatti/PlexMockServices,False
468,thinkbaer/aios,False
469,sharptopco/cloudcard-csv-importer,False
470,telefonicaid/perseo-core,False
471,joyent/cosbench-manta,False
472,belaban/jgroups-raft,False
473,cschneider/osgi-chat,False
474,eea/eea.elasticsearch.river.rdf,False
475,rarspace01/pirateboat,False
476,infinispan/infinispan-embedded-tutorial,False
477,apiman/apiman-docker,False
478,MariaDB/mariadb-connector-j,False
479,adorsys/secure-banking,False
480,iay/java-docker,False
481,lsu-ub-uu/cora-therest,False
482,maritime-web/NoGoService,False
483,amannocci/logbulk,False
484,opencadc/ac,False
485,C0urante/kafka-connect-bigquery,True
486,dernasherbrezon/r2cloud,False
487,lockss/laaws-metadataservice,False
488,kenzanlabs/hello-karyon-rxnetty,True
489,Fewlaps/quitnow-cache,False
490,laviua/komock,False
491,fwcd/kotlin-language-server,False
492,keeganwitt/docker-gradle,False
493,avirtuos/teslog,False
494,ivoa/lyonetia,False
495,GoogleCloudPlatform/container-developer-workshop,False
496,capergroup/bayou,False
497,WladimirSidorenko/DiscourseSegmenter,False
498,dlcs/elucidate-server,False
499,openbaton/NFVO,False
500,jenkins-infra/ircbot,False
501,socrata-platform/balboa,False
502,fdroidtravis/fdroidserver,False
503,joesan/plant-simulator,False
504,openwms/org.openwms.tms.transportation,False
505,f-droid/fdroidserver,False
506,kbaseapps/ReferenceDataManager,False
507,kbaseapps/kb_phylogenomics,False
508,broadinstitute/wdl,True
509,wcmc-its/ReCiter,False
510,GoogleCloudDataproc/cloud-dataproc,False
511,dovydasvenckus/todo-api,False
512,cfpio/callForPapers,True
513,KostyaSha/yet-another-docker-plugin,False
514,InformaticsMatters/squonk,False
515,MicroserviceWorkshop/TheWolf,False
516,kubernetes-client/java,False
517,stockholmuniversity/sukat-cxf-svc,False
518,rundeck/rundeck-cli,False
519,resilience4j/resilience4j,False
520,davecramer/pgjdbc,True
521,marschall/pgjdbc,True
522,imagej/imagej-omero,False
523,apigee/devrel,False
524,openaffect/openaffect-server,False
525,adhuc-projects/cena,False
526,whatbirdisthat/witi,False
527,langhsu/mblog,False
528,hyracoidea/hyrax-backend,False
529,jtraver/dev,False
530,mandawilson/cbioportal,True
531,hughperkins/pub-prototyping,False
532,ICGC-TCGA-PanCancer/Seqware-BWA-Workflow,False
533,tripattern/howtos,False
534,EricssonResearch/scott-eu,False
535,SimpleITK/SimpleITK,False
536,FFIG/ffig,False
537,jdubrule/bond,True
538,tabish121/quiver,True
539,AustinTSchaffer/DailyProgrammer,False
540,robertnishihara/ray,True
541,terop/env-logger,False
542,wonderix/rmk,False
543,wisechengyi/pants,True
544,huijunwu/heron,True
545,fossology/fossology,False
546,TelluIoT/ThingML,False
547,adityaka/misc_scripts,False
548,MarsBighead/mustang,False
549,sijie/bookkeeper,True
550,bugsnag/bugsnag-js,False
551,kimjinyong/i2nsf-framework,False
552,BenDoan/playground,False
553,baldurk/renderdoc,False
554,rnixx/python-for-android,True
555,JulienPivard/Configuration-Vim,False
556,csordasmarton/CodeCompass,True
557,VoltDB/voltdb,False
558,nudles/incubator-singa,True
559,skia-dev/oss-fuzz,True
560,morganzhh/sysrepo,True
561,amitdo/tesseract,True
562,stweil/tesseract,True
563,UB-Mannheim/tesseract,True
564,trafi/djinni,False
565,SolidWallOfCode/trafficserver,True
566,pbchou/trafficserver,True
567,bryancall/trafficserver,True
568,veyon/veyon,False
569,bphinz/tigervnc,True
570,chitianhao/trafficserver,True
571,dyrock/trafficserver,True
572,hblok/bazel_examples,False
573,nestlabs/connectedhomeip,True
574,cmu-db/peloton,False
575,ZeroCM/zcm,False
576,maobaolong/alluxio,True
577,chxdeng/mabain,False
578,OpenISS/OpenISS,False
579,nayutaco/ptarmigan,False
580,masatoshiitoh/dockerfiles,False
581,ngageoint/hootenanny,False
582,Exadios/xcsoar-exp,False
583,control-center/serviced,False
584,AlphaCluster/NewsBlur,True
585,kronenpj/python-for-android,True
586,PKRoma/python-for-android,True
587,NonVolatileComputing/incubator-mnemonic,True
588,lql5083psu/incubator-mnemonic,True
589,pantsbuild/pants,False
590,ibm-messaging/mq-container,False
591,debezium/debezium-examples,False
592,iiordanov/remote-desktop-clients,False
593,cynrd/blog,False
594,lisatn/workload-automation,True
595,dcchivian/kb_fasttree,False
596,ncalexan/mentat,True
597,tweag/sparkle,False
598,GoogleCloudPlatform/microservices-demo,False
599,GoogleCloudPlatform/repo-automation-playground,False
600,style95/openwhisk,True
601,ysden123/poc,False
602,nuclio/nuclio,False
603,GoogleCloudPlatform/cloud-builders,False
604,salrashid123/gcpsamples,False
605,liupeirong/Azure,False
606,gadLinux/thrift,True
607,shanavas786/remacs,True
608,chaigler/Torque3D,True
609,Bloodknight/Torque3D,True
610,ketoo/NoahGameFrame,False
611,Maxattax97/miscellaneous,False
612,ihaywood3/easygp,False
613,josiahcarlson/redis-in-action,False
614,stanley-cheung/grpc,True
615,grpc/grpc-ios,False
616,robertdale/tinkerpop,True
617,WZQ1397/automatic-repo,False
618,FaustXVI/junit5-docker,False
619,cathive/concourse-sonarqube-resource,False
620,hzxie/voj,False
621,PacktPublishing/Mastering-Mesos,False
622,lesspass/lesspass,False
623,alescdb/connectbot,True
624,joha2/cosmicos,True
625,ErDmKo/hobbyProject,False
626,stinsonga/Signal-Android,True
627,JPMoresmau/sqlg,True
628,threatgrid/ctia,False
629,xfcjscn/apps,False
630,Jimcumming/MuraCMS,True
631,openforis/sepal,False
632,airsonic/airsonic,False
633,aead/minio,True
634,Huawei/containerops,False
635,tangfeixiong/go-to-docker,False
636,jdeppe-pivotal/geode,True
637,davebarnes97/geode,True
638,thombergs/code-examples,False
639,Normation/rudder,False
640,NickGeek/Campfyre,False
641,kindlyops/mappamundi,False
642,GoogleCloudPlatform/bank-of-anthos,False
643,microcks/microcks,False
644,Daniel-Dos/DanielDiasjava-Blog,False
645,elastic/examples,False
646,nadeva/javaee-bookstore,False
647,rrs-oacis/rrs-oacis,False
648,ToQuery/CleverWeb,False
649,bsinno/hawkbit,True
650,authlete/java-oauth-server,False
651,bonigarcia/webdrivermanager,False
652,HotswapProjects/HotswapAgentExamples,False
653,vincent-zurczak/roboconf-platform,True
654,kimihe/Swallow,False
655,hobbit-project/platform,False
656,GoogleCloudPlatform/cloud-vision,False
657,thevoiceofzeke/uw-frame,True
658,IISH/slideshow,False
659,zhongxunking/configcenter,False
660,dirkriehle/wahlzeit,False
661,redhat-helloworld-msa/aloha,False
662,52North/javaPS,False
663,xianrendzw/EasyReport,False
664,ukwa/openwayback,True
665,danwatford/awf-referral,False
666,lionell/sequential-method,False
667,kaliop/docker-images,False
668,KITPraktomatTeam/Praktomat,False
669,frameworkmaestro/maestro3,False
670,xiweicheng/tms,False
671,WNPRC-EHR-Services/wnprc-modules,False
672,mamewotoko/malarm,False
673,eclipse/rdf4j,False
674,ServiceCutter/ServiceCutter,False
675,codecentric/spring-boot-admin,False
676,maxcom/lorsource,False
677,webanno/webanno,False
678,didclab/onedatashare,False
679,Angular2Guy/Angular2AndJavaEE,False
680,TEAMMATES/teammates,False
681,wkurniawan07/repo,True
682,mwvdev/berightthere,False
683,usc-isi-i2/Web-Karma,False
684,brewingagile/backoffice.brewingagile.org,False
685,dessalines/simple-vote,False
686,richashworth/planningpoker,False
687,kbastani/spring-boot-graph-processing-example,False
688,eolivelli/herddb,True
689,yangboz/spring-boot-activiti-restful,False
690,d-pac/d-pac.client,False
691,zemiak/nasphotos,False
692,MS-Song/dbclient,False
693,orange-cloudfoundry/db-dumper-service,False
694,joshiste/spring-boot-admin,True
695,gaetancollaud/fablab-manager,False
696,java-course-ee/java-course-ee,False
697,danigiri/morfeu,False
698,WSO2Telco/component-dep,False
699,openzipkin/zipkin,False
700,alibaba/Sentinel,False
701,reflectoring/infiniboard,False
702,danielpetisme/generator-jhipster,True
703,hdurix/generator-jhipster,True
704,duderoot/generator-jhipster,True
705,wmarques/generator-jhipster,True
706,ijufumi/twitter-campaign-sample,False
707,arcuri82/testing_security_development_enterprise_systems,False
708,chengpo/my-blog,False
709,openshift-roadshow/parksmap-web-py,False
710,rodrigokuroda/recominer,False
711,kermitt2/grobid-quantities,False
712,conveyal/r5,False
713,joseflaviojr/iperoxo,False
714,incodehq/ecpcrm,False
715,oplinkoms/onos,True
716,googlemaps/transport-tracker,False
717,brennentsmith/teletraan,True
718,yongwen/teletraan,True
719,rajsarkapally/Argus,True
720,st-tu-dresden/inloop,False
721,USCDataScience/sparkler,False
722,in-the-keyhole/khs-trouble-maker,False
723,serban-petrescu/candidate-management,False
724,guillaumevincent/lesspass,False
725,CenterForOpenScience/modular-file-renderer,False
726,opencb/cellbase,False
727,TLA-FLAT/FLAT,False
728,melistik/vaadin-sliderpanel,False
729,brunoborges/fx2048,False
730,rust-keylock/rust-keylock-ui,False
731,google/identity-credential,False
732,TwilioDevEd/airtng-servlets,False
733,RWTH-i5-IDSG/steve,False
734,scionaltera/redemption,False
735,bitcoin-s/bitcoin-s-core,False
736,madoar/POL-POM-5,True
737,KTHse/webtex,False
738,AtomGraph/Web-Client,False
739,veraPDF/veraPDF-rest,False
740,php-coder/mystamps,False
741,Jose-Badeau/boomslang-examples,False
742,introproventures/graphql-jpa-query,False
743,micronode/whistlepost,False
744,ylacaute/ez-Dashing,False
745,vitormcruz/payroll_groovy,False
746,Silverpeas/docker-silverpeas-test,False
747,BBVA/mirrorgate,False
748,daflockinger/poppynotes,False
749,nemerosa/ontrack,False
750,ybonjour/test-store,False
751,zanata/zanata-platform,False
752,Commonjava/indy,False
753,balaSpyrus/code,False
754,dhis2/dhis2-core,False
755,Netflix/conductor,False
756,youngwookim/bigtop,True
757,CodeNarc/CodeNarc,False
758,oschwengers/asap,False
759,JunHe77/bigtop,True
760,reskit/moodlemobile,True
761,danimaniarqsoft/vagrant-lab,False
762,tabladrum/Hygieia,True
763,capitalone/Hygieia,False
764,Sbrenthughes/Hygieia,True
765,3pillarlabs/hailstorm-sdk,False
766,LeoNerdoG/kapua,True
767,plopcas/example-protractor,False
768,jonvestal/open-kilda,True
769,npo-poms/scripts,False
770,rangadi/beam,True
771,hawkular/hawkular.github.io,False
772,kbastani/spring-cloud-event-sourcing-example,False
773,tadayosi/wildfly-camel,True
774,First-Peoples-Cultural-Council/fv-web-ui,False
775,btamilselvan/tamils,False
776,cg2v/Autolab,True
777,jekhokie/scriptbox,False
778,cloudera/hue,False
779,kawamon/hue,True
780,bmwcarit/joynr,False
781,nextcloud/android,False
782,saalfeldlab/render,False
783,marksherman/appinventor-sources,True
784,eXist-db/exist,False
785,josmas/app-inventor,True
786,abstractj/keycloak,True
787,cunningt/camel,True
788,tdiesler/camel,True
789,christophd/camel,True
790,gnodet/camel,True
791,google/fhir,False
792,lukecwik/incubator-beam,True
793,justinleet/metron,True
794,mmiklavc/metron,True
795,petermax2/libelektra,True
796,Khalian/Modulo7,False
797,spring-projects/sts4,False
798,electrum/presto,True
799,hgschmie/presto,True
800,metamx/druid,True
801,jon-wei/druid,True
802,martint/presto,True
803,mikkokar/styx,True
804,linkedin/parseq,False
805,Niky4000/UsefulUtils,False
806,Agirish/drill,True
807,Ben-Zvi/drill,True
808,vdiravka/drill,True
809,zhreshold/mxnet,True
810,eric-haibin-lin/mxnet,True
811,larroy/mxnet,True
812,mbaijal/incubator-mxnet,True
813,chuckchen/spark,True
814,dbtsai/spark,True
815,jiangxb1987/spark,True
816,wangmiao1981/spark,True
817,mdespriee/spark,True
818,tengpeng/spark,True
819,eyalfa/spark,True
820,LantaoJin/spark,True
821,highfei2011/spark,True
822,aosagie/spark,True
823,wangyum/spark,True
824,HyukjinKwon/spark,True
825,witgo/spark,True
826,gengliangwang/spark,True
827,cloud-fan/spark,True
828,JoshRosen/spark,True
829,xuanyuanking/spark,True
830,mahak/spark,True
831,jenkinsci/jenkins,False
832,lincoln-lil/flink,True
833,godfreyhe/flink,True
834,CompEvol/beast2,False
835,tgvaughan/beast2,True
836,wso2/carbon-analytics,False
837,apache/skywalking,False
838,tgvaughan/feast,False
839,spotify/heroic,False
840,szaqal/KitchenSink,False
841,Bigsby/PoC,False
842,valfirst/selenium,True
843,ONLYOFFICE/document-server-integration,False
844,rahulpnath/Blog,False
845,ukwa/w3act,False
846,emundus/v6,False
847,smkniazi/hops,True
848,hopshadoop/hops,False
849,twosigma/waiter,False
850,puppetlabs/puppetserver,False
851,j-b-m/mlt,True
852,plusonecoin/plusonecoin,False
853,CzBiX/Telegram,True
854,lbryio/lbrycrd,False
855,nebulasio/go-nebulas,False
856,PKRoma/rocksdb,True
857,jsteemann/rocksdb,True
858,mm-s/bitcoin,True
859,cf-unik/unik,False
860,globaltoken/globaltoken,True
861,ovh/overthebox,False
862,angt/overthebox,True
863,gem5/gem5,False
864,xhochy/arrow,True
865,dremio/arrow,True
866,earl/gforth-mirror,False
867,rubenvb/skia,True
868,psieg/Lightpack,True
869,renyi533/tensorflow,True
870,petewarden/tensorflow,True
871,DavidNorman/tensorflow,True
872,girving/tensorflow,True
873,dongjoon-hyun/tensorflow,True
874,alsrgv/tensorflow,True
875,jendap/tensorflow,True
876,ageron/tensorflow,True
877,jbedorf/tensorflow,True
878,GuangweiWang/openh264,True
879,nmcl/scratch,False
880,cliffe/SecGen,True
881,jianlirong/incubator-hawq,True
882,iree-org/iree,False
883,google/iree,False
884,lateminer/bitcoin,True
885,dscotese/bitcoin,True
886,AkioNak/bitcoin,True
887,instagibbs/bitcoin,True
888,particl/particl-core,True
889,frandallfarmer/neohabitat,False
890,rabbah/openwhisk,True
891,jeremiaswerner/openwhisk,True
892,microsoft/vscode,False
893,DustinCampbell/vscode,True
894,landonepps/vscode,True
895,0xmohit/vscode,True
896,cleidigh/vscode,True
897,mjbvz/vscode,True
898,Microsoft/vscode-textmate,False
899,SomeFire/ignite,True
900,sk0x50/ignite,True
901,jeking3/thrift,True
902,mikoto2000/MiscellaneousStudy,False
903,jboeuf/grpc,True
904,cucumber/cucumber,False
905,yongju-hong/thrift,True
906,karllessard/tensorflow,True
907,yongtang/tensorflow,True
908,or-tools/or-tools,True
909,google/or-tools,False
910,google/protobuf,False
911,apache/ignite,False
912,NSAmelchev/ignite,True
913,strava/thrift,True
914,greyfenrir/taurus,False
915,sekikn/ambari,True
916,B-UMMI/INNUca,False
917,wolfsoft/dbpager,False
918,rzr/iotivity,False
919,JShadowMan/packages,False
920,MMaiero/kura,True
921,envoyproxy/envoy,False
922,danking/hail,True
923,knabar/openmicroscopy,True
924,ucare-uchicago/hadoop,True
925,xiao-chen/hadoop,True
926,littlezhou/hadoop,True
927,ndimiduk/hbase,True
928,manics/openmicroscopy,True
929,wwjiang007/hadoop,True
930,Eshcar/hbase,True
931,hail-is/hail,False
932,szeged/servo,True
933,peterjoel/servo,True
934,saneyuki/servo,True
935,LiberatorUSA/GUCEF,False
936,flutter/packages,False
937,MrCerealGuy/Stonecraft,False
938,apiri/nifi-minifi-cpp,True
939,phrocker/nifi-minifi-cpp,True
940,sqeazy/sqeazy,False
941,psteinb/sqeazy,True
942,liblouis/liblouisutdml,False
943,klenin/cats-judge,False
944,akrherz/Openfire,True
945,picodotdev/blog-ejemplos,False
946,Splawik/pytigon,False
947,lordpidey/-tg-station,True
948,stopbystop/sbs-app,False
949,TGITS/programming-workouts,False
950,aelassas/Wexflow,False
951,aknackiron/testdroid-samples,True
952,DaanHoogland/cloudstack,True
953,wido/cloudstack,True
954,jameschch/Lean,True
955,dsukhoroslov/bagri,False
956,patricker/nifi,True
957,mcgilman/nifi,True
958,MikeThomsen/nifi,True
959,dforsyth/mesos,True
960,sebgod/node-java,True
961,joeferner/node-java,False
962,frett27/jfgdb,False
963,CIDARLAB/cello,False
964,renatoathaydes/LogFX,False
965,peter-gergely-horvath/nifi,True
966,zhengsg/nifi,True
967,hequn8128/flink,True
968,mraible/generator-jhipster,True
969,pascalgrimaud/generator-jhipster,True
970,umple/umple,False
971,SingingTree/hapi-fhir,True
972,guardicore/monkey,False
973,wso2/analytics-is,False
974,Pastor/modules,False
975,PhantomBot/PhantomBot,False
976,matjaz99/DTools,False
977,TestLinkOpenSourceTRMS/testlink-code,False
978,sismics/reader,False
979,Javlo/javlo,False
980,ibissource/iaf,False
981,talkincode/ToughRADIUS,False
982,devgateway/ccrs-saiku,True
983,Taskana/taskana,False
984,FundRequest/platform,False
985,stuartwoodman/ANVGL-Portal,True
986,oracle/json-in-db,False
987,austriapro/ebinterface-web,False
988,ringo/ringojs,False
989,ctripcorp/apollo,False
990,livingstoneonline/docker-tomcat,False
991,opengeospatial/teamengine,False
992,OSBI/saiku,False
993,openmole/openmole,False
994,msavy/apiman,True
995,yiming187/apollo,True
996,alangibson27/plus-f,False
997,grgrzybek/karaf,True
998,AvyanConsultingCorp/azure-quickstart-templates,True
999,Nepomuceno/azure-quickstart-templates,True
1000,MCKLMT/azure-quickstart-templates,True
1001,griddynamics/jagger,False
1002,semagrow/semagrow,False
1003,prabhjyotsingh/zeppelin,True
1004,jongyoul/zeppelin,True
1005,zjffdu/zeppelin,True
1006,ozoneplatform/omp-marketplace,False
1007,lsmall/flowable-engine,True
1008,OElabed/vagrant-development-tools,False
1009,philwebb/spring-boot,True
1010,chrylis/spring-boot,True
1011,michael-simons/spring-boot,True
1012,aahlenst/spring-boot,True
1013,scottfrederick/spring-boot,True
1014,ppbizapps/kairosdb,True
1015,bbende/nifi-registry,True
1016,Leemoonsoo/zeppelin,True
1017,Jasig/uPortal-start,False
1018,ppazos/cabolabs-ehrserver,False
1019,porcelli-forks/kie-wb-common,True
1020,primecloud-controller-org/primecloud-controller,False
1021,appNG/appng,False
1022,svandenhoek/molgenis,True
1023,MyCollab/mycollab,False
1024,reportportal/service-api,False
1025,ilayaperumalg/spring-boot,True
1026,kdvolder/spring-boot,True
1027,felipeg48/spring-boot,True
1028,B3Partners/brmo,False
1029,alibaba/f2etest,False
1030,apache/airavata,False
1031,twosigma/Cook,False
1032,hunering/demo-code,False
1033,rkunas/pm4j,False
1034,rhusar/JGroups,True
1035,DanVanAtta/triplea,True
1036,drallieiv/KinanCity,False
1037,dermotte/liresolr,False
1038,codingchili/flashcards-webapp,False
1039,bradgearon/unity-ads-android,True
1040,TresAmigosSD/SMV,False
1041,glowroot/glowroot,False
1042,RJMillerLab/ibench,False
1043,opencog/relex,False
1044,triplea-game/triplea,False
1045,Cantara/dropwizard-hello-world-maven-archetype,False
1046,ArpNetworking/metrics-aggregator-daemon,False
1047,sdgdsffdsfff/canal,True
1048,athrane/pineapple,False
1049,jolie/jolie,False
1050,daniel-beck/groovy-plugin,True
1051,starpit/openwhisk,True
1052,apache/logging-log4j2,False
1053,OpenTSDB/opentsdb,False
1054,kostya/benchmarks,False
1055,GoogleCloudPlatform/software-delivery-blueprint,False
1056,linkerd/linkerd-examples,False
1057,gabemontero/jenkins-sync-plugin,True
1058,Reidddddd/alluxio,True
1059,apc999/alluxio,True
1060,butla/microservice-playground,False
1061,xiaodongw/grpc-rx,False
1062,GoogleCloudPlatform/kafka-pubsub-emulator,False
1063,bazelbuild/rules_docker,False
1064,GoogleCloudPlatform/processing-logs-using-dataflow,False
1065,email2liyang/grpc-mate,False
1066,kubeflow/arena,False
1067,GoogleCloudPlatform/DataflowTemplates,False
1068,gabemontero/jenkins-client-plugin,True
1069,fgorostiaga/elastest-monitoring-service,True
1070,sitture/docker-gauge-cd,False
1071,davidwatkins73/waltz-dev,True
1072,apache/phoenix,False
1073,growingio/phoenix,True
1074,GumTreeDiff/gumtree,False
1075,caiusb/gumtree,True
1076,pravega/pravega,False
1077,ericdahl/hello-ecs,False
1078,ONSdigital/project-brian,False
1079,pooler/electrum-ltc,True
1080,spesmilo/electrum,False
1081,asfin/electrum,True
1082,raonigabriel/spring-qrcode-example,False
1083,neowu/core-ng-project,False
1084,neowu/core-ng-demo-project,False
1085,AreaFiftyLAN/lancie-api,False
1086,vsfexperts/LaTeX,False
1087,alcarraz/jPOS,True
1088,alainsahli/confluence-publisher,False
1089,tambora-org/docker,False
1090,kozeltom/sinkit-core,True
1091,gameontext/gameon-map,False
1092,zhx828/oncokb,True
1093,cloudfoundry/cf-java-client,False
1094,remstef/webanno-exmaralda,False
1095,lkwg82/de.lgohlke.selenium-webdriver,False
1096,gameontext/gameon-mediator,False
1097,SciGraph/SciGraph,False
1098,ulisesbocchio/spring-boot-security-saml-samples,False
1099,jenkinsci/crowd2-plugin,False
1100,Karm/sinkit-core,False
1101,wesleyegberto/javaee8-jsf-chat,False
1102,sirixdb/sirix,False
1103,RailwayStations/RSAPI,False
1104,criteo/biggraphite,False
1105,watson-developer-cloud/java-sdk,False
1106,lilei644/spring-boot-example,False
1107,enviroCar/enviroCar-server,False
1108,AlexeiVainshtein/jenkins-artifactory-plugin,True
1109,wagnermarques/Fedora-Dockerfiles,True
1110,marcelmay/greenmail,True
1111,SpecialDragonfly/SimulationX,False
1112,hlavki/g-suite-identity-sync,False
1113,tadayosi/issues,False
1114,eclipse/hawkbit,False
1115,njnareshjoshi/articles,False
1116,dynamicguy/generator-jhipster,True
1117,OpenLMIS/openlmis-fulfillment,False
1118,redhat-developer-demos/kubernetes-lab,False
1119,OpenLMIS/openlmis-referencedata,False
1120,kbaseapps/kb_STAR,False
1121,Angular2Guy/AngularAndSpring,False
1122,Invivoo/workshops,False
1123,rockie-yang/explore-spark,False
1124,ittiel/QualityDevOps,False
1125,unidev-polydata/polydata-storage-mongodb,False
1126,kbastani/spring-cloud-microservice-example,False
1127,or-tools/java_or-tools,False
1128,leanstacks/skeleton-ws-spring-boot,False
1129,InseeFr/DDI-Access-Services,False
1130,vgoldin/cqrs-eventsourcing-kafka,False
1131,shrumit/timetable-scraper-java,False
1132,shibme/dictionbot,False
1133,shrinkwrap/resolver,False
1134,nmuzychuk/blog-api,False
1135,urbanetic/geotree-bimserver-plugin,False
1136,joseflaviojr/unhadegato,False
1137,Bynder/bynder-java-sdk,False
1138,7040210/SuperBoot,False
1139,nimble-platform/java-microservice-example,False
1140,Razikus/FFCode,False
1141,aaberg/sql2o,False
1142,opendatasoft/elasticsearch-aggregation-geoclustering,False
1143,adrianulbona/cloc-service,False
1144,rweekers/voornameninliedjes-backend-spring,False
1145,dreignier/cg-brutaltester,False
1146,augustomarinho/springboot-fluentd-appender,False
1147,schierlm/private-iota-testnet,False
1148,kbastani/spring-cloud-polyglot-persistence-example,False
1149,yongjhih/AutoJson,False
1150,velo/docker-maven-plugin,True
1151,bwssytems/restful-harmony,False
1152,Technolords/microservice-mock,False
1153,prometheus/client_java,False
1154,arquillian/arquillian-cube-q,False
1155,Sage-Bionetworks/EvaluationStatistics,False
1156,acrolinx/acrolinx-proxy-sample,False
1157,google/copybara,False
1158,guidosalva/REScala,False
1159,golovnin/pgjdbc,True
1160,folio-org/okapi,False
1161,DavidWhitlock/java-koans,True
1162,pellepelster/hivemq-consul-cluster-discovery,False
1163,cppwfs/spring-cloud-dataflow,True
1164,mbucknell/WQP-WQX-Services,True
1165,open-telemetry/opentelemetry-java,False
1166,tensorflow/ecosystem,False
1167,ferzerkerx/recordstore,False
1168,JamesLampton/piggybank-squeal,False
1169,neo4j-contrib/neo4j-mazerunner,False
1170,okumin/influent,False
1171,dcshock/forklift,False
1172,redhat-developer-demos/12factor-app,False
1173,gameontext/gameon-auth,False
1174,kawane/songbook,False
1175,merlin-zaraza/kafka-elasticsearch-consumer,True
1176,simlar/simlar-android,False
1177,sorhus/jconfig,False
1178,mtagle/kafka-connect-bigquery,True
1179,opentok/Opentok-Java-SDK,False
1180,vangj/jbayes,False
1181,GoogleCloudDataproc/hive-bigquery-connector,False
1182,Litarvan/Shenron,False
1183,conversant/disruptor_benchmark,False
1184,mysql-time-machine/validator,False
1185,openbaton/dummy-vnfm-amqp,False
1186,fjudith/docker-alfresco,False
1187,timuralp/s3proxy,True
1188,bricolages/bricolage-streaming-preprocessor,False
1189,bo0tzz/TopKekBot,False
1190,Unicon/shib-cas-authn3,False
1191,GoogleCloudPlatform/opentelemetry-operations-java,False
1192,fastnsilver/xlator,False
1193,fernandopeinado/pg_manager,False
1194,docker-java/docker-java,False
1195,msarhan/lucene-arabic-analyzer,False
1196,smoketurner/pipeline,False
1197,mulargui/healthylinkx-api-in-java,False
1198,turn/edc,False
1199,sakserv/hadoop-mini-clusters,False
1200,Nanopublication/nanopub-java,False
1201,tblsoft/solr-cmd-utils,False
1202,rgrunber/docker-client,True
1203,dhyaneshm/public-es-indexer,True
1204,blabbertabber/blabbertabber,False
1205,xmairaa/eiffel-remrem-publish,True
1206,Erudika/para,False
1207,testmycode/tmc-cli,False
1208,openbaton/test-plugin,False
1209,JetBrains/teamcity-deployer-plugin,False
1210,eAybars/webstart,False
1211,TiX-measurements/tix-time-server,False
1212,BigDataDevs/kafka-elasticsearch-consumer,True
1213,GoogleCloudDataproc/hadoop-connectors,False
1214,automate-website/jwebrobot,False
1215,TerrenceMiao/camel-spring,False
1216,hwellmann/org.ops4j.kaiserkai,False
1217,networknt/light-oauth2,False
1218,AtomGraph/Processor,False
1219,InseeFr/Pogues-Back-Office,False
1220,marc-christian-schulze/structs4java,False
1221,project-oak/hello-transparent-release,False
1222,AsamK/signal-cli,False
1223,hexhex/hexlite,False
1224,qubole/streamx,False
1225,kevinconaway/jmxtrans,True
1226,sastix/cms,False
1227,opengisch/OSGeo4A,False
1228,GoogleCloudPlatform/bigquery-data-lineage,False
1229,dasguptar/treelstm.pytorch,False
1230,neo4j/neo4j-java-driver,False
1231,spotify/styx,False
1232,8451/code-service,False
1233,rakam-io/rakam,False
1234,discreteoptimization/assignment,False
1235,graphium-project/graphium,False
1236,jayhorn/jayhorn,False
1237,pagarme/pagarme-java,False
1238,benbromhead/cassandra-operator,True
1239,NLeSC/ODEX-FAIRDataPoint,False
1240,mesos/storm,False
1241,plaid/plaid-java,False
1242,MrCreosote/auth2,True
1243,LeoFCardoso/tudoToPDF,False
1244,OskarKjellin/vizceral-hystrix,False
1245,hazendaz/migrations,True
1246,magcode/sunricher-wifi-mqtt,False
1247,jvalkeal/spring-cloud-dataflow,True
1248,JobService/job-service,False
1249,getsandbox/sandbox,False
1250,secondsun/aerogear-unifiedpush-server,True
1251,pvarry/intra42,False
1252,FerreolS/Icy-App,True
1253,sjsucohort6/amigo-chatbot,False
1254,kbase/user_profile,False
1255,tgvaughan/EpiInf,False
1256,idekerlab/KEGGscape,True
1257,NERC-CEH/catalogue,False
1258,robfletcher/front50,True
1259,TulevaEE/onboarding-service,False
1260,robsyme/nextflow,True
1261,robumberger/rosco,True
1262,carlospatinos/experiments,False
1263,fingo/urlopia,False
1264,apssouza22/java-microservice,False
1265,dkanejs/docker-compose-maven-plugin,False
1266,FlowCI/flow-platform,False
1267,allegro/axion-release-plugin,False
1268,docker-client/docker-engine,False
1269,gesellix/docker-client,False
1270,codetojoy/easter_eggs_for_gradle,False
1271,jenkinsci/plugin-compat-tester,False
1272,dvoraka/av-service,False
1273,ldimaggi/fabric8-test,True
1274,Mathmagicians/kumori,False
1275,voyages-sncf-technologies/hesperides,False
1276,jnidzwetzki/bboxdb,False
1277,CarstenHollmann/series-sos-proxy,True
1278,wyona/spring-boot-hello-world-rest,False
1279,datacommonsorg/import,False
1280,anonymint/harris-de-swarm,False
1281,treelogic-swe/aws-mock,False
1282,canfar/vosui,True
1283,anilallewar/microservices-basics-spring-boot,False
1284,jooby-project/jooby,False
1285,JetBrains/JetBrainsRuntime,False
1286,chain/chain,False
1287,n1zea144/cbioportal,True
1288,d3b-center/pedcbioportal,True
1289,SCADA-LTS/Scada-LTS,False
1290,thehyve/cbioportal,True
1291,onursumer/cbioportal,True
1292,mcneilco/acas-roo-server,False
1293,mrsiano/svt,True
1294,ga4gh/dockstore,False
1295,broadinstitute/cromwell,False
1296,adamdecaf/cert-manage,False
1297,phillc/agentvsagent,False
1298,cea-sec/Sibyl,False
1299,Ezhil-Language-Foundation/open-tamil,False
1300,bazelbuild/bazel-buildfarm,False
1301,ModernMT/MMT,False
1302,paulerickson/uw-frame,True
1303,ueshin/apache-tez,True
1304,chmyga/component-runtime,True
1305,hackathinho/open-clean-energy,False
1306,mhajas/keycloak,True
1307,WeichenXu123/spark,True
1308,Jens-G/thrift,True
1309,ghchinoy/tensorflow,True
1310,Apache9/hbase,True
1311,KiChjang/servo,True
1312,variacode/rundeck,True
1313,karuppayya/zeppelin,True
1314,michalkurka/h2o-3,True
1315,spinscale/elasticsearch-ingest-opennlp,False
1316,abixen/abixen-platform,False
1317,ATLauncher/ATLauncher,False
1318,GoogleCloudPlatform/solutions-modern-cicd-anthos,False
1319,scray/scray,False
1320,spring-cloud/spring-cloud-lattice,False
1321,pdowler/caom2db,True
1322,Ensembl/ensembl-hive,False
1323,opitzconsulting/orcas,False
1324,GoogleCloudPlatform/training-data-analyst,False
1325,ufal/udpipe,False
1326,nemerle/Segs,True
1327,avatao-content/challenge-toolbox,False
1328,InsightSoftwareConsortium/SimpleITK,True
1329,artynet/luci,True
1330,msteinbeck/tinyspline,False
1331,martibayoalemany/Algorithms,False
1332,rdkit/rdkit,False
1333,iterate-ch/cyberduck,False
1334,bkmit/zproto,True
1335,peidevs/GDCR-Scaffolding,False
1336,EmpireProject/Empire,False
1337,jamesr/flutter_engine,True
1338,trammell/test,False
1339,twitter/pants,True
1340,lioshi/vscode-lioshi-theme,False
1341,CPFL/Autoware,False
1342,helifu/kudu,True
1343,jai1/pulsar,True
1344,googlestadia/renderdoc,True
1345,google/jsonnet,False
1346,bigdawg-istc/bigdawg,False
1347,JdeRobot/JdeRobot,False
1348,aitormf/JdeRobot,True
1349,Subsurface-divelog/subsurface,False
1350,salvadorcunat/subsurface,True
1351,ElofssonLab/TOPCONS2,False
1352,apache/incubator-singa,False
1353,kaiping/incubator-singa,True
1354,SijmenSchoon/OpenRCT2,True
1355,stg-tud/apsa,False
1356,scanse/sweep-sdk,False
1357,QIICR/dcmqi,False
1358,phrocker/sharkbite,False
1359,steffzahn/test,False
1360,google/asylo,False
1361,simleo/pydoop,True
1362,kubernetes/examples,False
1363,andresrc/jenkins,True
1364,sathiya-mit/jenkins,True
1365,MarkUsProject/Markus,False
1366,projectbuendia/buendia,False
1367,samuelclay/NewsBlur,False
1368,jimrthy/frereth-cp,False
1369,sadlil/experiments,False
1370,eileencodes/puma,True
1371,joshjdevl/libsodium-jni,False
1372,flexVDI/cerbero,False
1373,mattjlewis/diozero,False
1374,jvillard/infer,True
1375,reTHINK-project/dev-hyperty,False
1376,sduskis/cloud-bigtable-examples,True
1377,ryanluker/vscode-coverage-gutters,False
1378,common-workflow-language/schema_salad,False
1379,aspnet/AspNetCore,False
1380,Wilfred/remacs,False
1381,joncampbell123/dosbox-rewrite,False
1382,lightningkay/NoahGameFrame,True
1383,odamex/odamex,False
1384,scholzj/barnabas,True
1385,paulfitz/cosmicos,False
1386,GoogleCloudPlatform/bigquery-utils,False
1387,drugis/addis-core,False
1388,yogsototh/ctia,True
1389,harshavardhana/minio,True
1390,emembrives/dispotrains,False
1391,masaki-yamakawa/geode,True
1392,epam/NGB,False
1393,gozer/voice-web,True
1394,40huo/cobra,True
1395,bochkov/tasks,False
1396,jeci-sarl/stats-alfresco-on-database,False
1397,dschadow/ApplicationIntrusionDetection,False
1398,alecw/picard,True
1399,cobexer/fullsync,True
1400,hnjobs/webapp,False
1401,lstephen/ootp-ai,False
1402,oboehm/gdv.xport,False
1403,meonwax/predictr,False
1404,moneyice/hope,False
1405,RGLab/LabKeyModules,False
1406,plessbd/xdmod,True
1407,saheedm/MASTERS,False
1408,strepsirrhini-army/chaos-loris,False
1409,TouK/nussknacker,False
1410,magnumresearch/manatee,False
1411,michaelliao/springcloud,False
1412,PSilling/rh-massages,False
1413,komoot/graphhopper,True
1414,clstoulouse/motu,False
1415,drginm/docker-boilerplates,False
1416,sumeetchhetri/gatf,False
1417,IDgis/GeoDropIn,False
1418,smartcommunitylab/AAC,False
1419,yusuke/samurai,False
1420,abesto/zipkin,True
1421,shawijayasekera/component-dep,True
1422,mechero/code-quality-game,False
1423,dimeros/generator-jhipster,True
1424,Asqatasun/Asqatasun,False
1425,zanata/zanata-mt,False
1426,sidseth/tez,True
1427,manuzhang/incubator-gearpump,True
1428,JThink/SkyEye,False
1429,arbrandes/hastexo-xblock,True
1430,venicegeo/eventkit-cloud,False
1431,lanoxx/masterylearning,False
1432,Kjoep/moola,False
1433,dessalines/flowchat,False
1434,kuujo/onos,False
1435,Apicurio/apicurio-studio,False
1436,dilipdevaraj-sfdc/Argus-1,True
1437,pinterest/teletraan,False
1438,ProjectSidewalk/SidewalkWebpage,False
1439,KonkerLabs/konker-platform,False
1440,bsorrentino/maven-annotation-plugin,False
1441,pinussilvestrus/bncl,False
1442,tensorflow/tensorboard,False
1443,mediathekview/MServer,False
1444,apache/httpcomponents-client,False
1445,cwrc/cwrc-validator,False
1446,bitcoin-s/bitcoin-s,False
1447,aerogear/aerogear-unifiedpush-server,False
1448,achacha/SomeWebCardGame,False
1449,AO-StreetArt/Adrestia,False
1450,gentics/mesh,False
1451,tobias-ericsson/docker,False
1452,GIP-RECIA/cas,True
1453,rnveach/contribution,True
1454,oglimmer/cyc,False
1455,frett/cas,True
1456,jack-moseley/gobblin,True
1457,jdcasey/indy,True
1458,ligangty/indy,True
1459,Qi4j/qi4j-sdk,False
1460,IDgis/geoportaal,False
1461,Netflix/genie,False
1462,deVinnnie/magic-membership-management,False
1463,jeremiemarc/zucchini-ui,True
1464,iocanel/presentations,False
1465,datacite/content-resolver,False
1466,peneksglazami/chgk,False
1467,DataVault/datavault,False
1468,fhoeben/hsac-fitnesse-fixtures,False
1469,lathspell/java_test,False
1470,ottogroup/schedoscope,False
1471,hantsy/spring-reactive-sample,False
1472,jamesnetherton/wildfly-camel,True
1473,groupe-sii/ogham,False
1474,52North/SOS,False
1475,CarstenHollmann/SOS,True
1476,autolab/Autolab,False
1477,MAN-IN-WAN/Kob-Eye,False
1478,kidchenko/playground,False
1479,kingsamchen/Eureka,False
1480,ontop/ontop-examples,False
1481,kkashi01/appinventor-sources,True
1482,jeremiedecock/snippets,False
1483,adamretter/exist,True
1484,jisqyv/appinventor-sources,True
1485,mit-cml/appinventor-sources,False
1486,reneploetz/keycloak,True
1487,jpkrohling/keycloak,True
1488,shouya/thinking-dumps,False
1489,tadayosi/camel,True
1490,googleinterns/step23-2020,False
1491,BernhardDenner/libelektra,True
1492,shlee89/athena,False
1493,mghosh4/druid,True
1494,pjain1/druid,True
1495,stanford-futuredata/macrobase,False
1496,RyanSkraba/beam,True
1497,arina-ielchiieva/drill,True
1498,szha/mxnet,True
1499,yajiedesign/mxnet,True
1500,pgandhi999/spark,True
1501,facaiy/spark,True
1502,WindCanDie/spark,True
1503,milliman/spark,True
1504,shaneknapp/spark,True
1505,gyfora/flink,True
1506,twalthr/flink,True
1507,NovaOrdis/playground,False
1508,debezium/debezium,False
1509,nielsbasjes/logparser,False
1510,visallo/vertexium,False
1511,NRGI/resourcecontracts.org,False
1512,google/sqlcommenter,False
1513,ampli/link-grammar,True
1514,davetrux/gdgmidevfest-2017,False
1515,akvo/akvo-flow-api,False
1516,EvilMcJerkface/atlasdb,True
1517,leios/algorithm-archive,True
1518,dterei/Scraps,False
1519,payplatinum/platinum,False
1520,adamretter/rocksdb,True
1521,syscoin/syscoin,True
1522,ethersphere/go-ethereum,False
1523,Pegascoin/go-Pegascoin,False
1524,fishilico/shared,False
1525,holiman/go-ethereum,True
1526,energicryptocurrency/energi,False
1527,Psiphon-Labs/psiphon-tunnel-core,False
1528,rod-hynes/psiphon-tunnel-core,True
1529,doo/Tesseract-OCR-iOS,True
1530,fluent/fluent-bit,False
1531,nokute78/fluent-bit,True
1532,tinyspeck/vitess,True
1533,microsoft/onnxruntime,False
1534,google/skia,False
1535,shihuade/openh264,True
1536,thejunkjon/jones,False
1537,renard314/textfairy,False
1538,ketchupok/csound,True
1539,AppliedLogicSystems/ALSProlog,False
1540,samaitra/ignite,True
1541,IntelRealSense/librealsense,False
1542,mehrdada/grpc,True
1543,carl-mastrangelo/grpc,True
1544,aselle/tensorflow,True
1545,xtern/ignite,True
1546,aam/engine,True
1547,rmacnak-google/engine,True
1548,tangyouyi1513/openrasp,True
1549,machawk1/wail,False
1550,cseed/hail,True
1551,loftuxab/alfresco-community-loftux,False
1552,PatMartin/Dex,False
1553,thresheek/official-images,True
1554,JetBrains/kotlin-native,False
1555,openmicroscopy/openmicroscopy,False
1556,lnls-dig/malamute,True
1557,dropbox/bazel,True
1558,xpybuild/xpybuild,False
1559,GregDThomas/Openfire,True
1560,jeonghoonkang/BerePi,False
1561,tophua/spark1.52,False
1562,kevinz000/-tg-station,True
1563,Robustin/tgstation,True
1564,clinical-meteor/meteor-on-fhir,False
1565,tg-msft/azure-sdk-tools,True
1566,GabrielBrascher/cloudstack,True
1567,kaysoky/mesos,True
1568,jpeach/mesos,True
1569,chhsia0/mesos,True
1570,Deathangel908/djangochat,False
1571,mans2singh/nifi,True
1572,jskora/nifi,True
1573,little-cui/service-center,True
1574,vam-google/google-cloud-java,True
1575,opensds/nbp,False
1576,felipefo/devweb,False
1577,loklak/loklak_server,False
1578,swordmaster2k/rpgwizard,False
1579,lepdou/apollo,True
1580,dreis2211/spring-boot,True
1581,mwkang/zeppelin,True
1582,IntesysOpenway/openway-tasklist,False
1583,h2oai/h2o-3,False
1584,rabix/bunny,False
1585,bmoore-msft/azure-quickstart-templates,True
1586,johndowns/azure-quickstart-templates,True
1587,massakam/pulsar,True
1588,pgdurand/BeeDeeM,False
1589,icza/scelight,False
1590,belaban/JGroups,False
1591,HazenBabcock/brigl,False
1592,danlley/myteay-common-tools,False
1593,leungmanhin/relex,True
1594,vitrivr/cineast,False
1595,jonathanlermitage/manon,False
1596,yosukehara/leofs,True
1597,leo-project/leofs,False
1598,testcontainers/testcontainers-java,False
1599,Redpill-Linpro/alfresco-document-templates,False
1600,suxi-lu/learn,False
1601,hkjn/junk,False
1602,jenshadlich/kame,False
1603,GoogleCloudPlatform/slack-samples,False
1604,GoogleCloudPlatform/cloud-build-samples,False
1605,pingcap/tidb,False
1606,c4pt0r/tidb,True
1607,lbeurerkellner/n4js,True
1608,apurtell/phoenix,True
1609,ankitsinghal/phoenix,True
1610,faucetsdn/udmi,False
1611,clarkjohnm/water-collection-service,False
1612,seges/docker-nginx-consul,False
1613,SwamiKalagiri/spring-rest-boot,False
1614,privacysandbox/aggregation-service,False
1615,commercetools/commercetools-payone-integration,False
1616,ivargrimstad/dukes-microprofile,False
1617,ricardogarfe/sonar-java-code-smells,False
1618,jarvisji/Demo-Java-RestService,False
1619,lichader/Alfred,False
1620,dcooper16/testssl.sh,True
1621,jpos/jPOS,False
1622,unic/ScalaWebTest,False
1623,ketan/docker-elastic-agents,True
1624,ewolff/microservice-atom,False
1625,DBCG/cqf-ruler,False
1626,philippe-granet/just-ask,True
1627,apache/calcite-avatica,False
1628,GeoKnow/LinkedGeoData,False
1629,fracpete/python-weka-wrapper3,False
1630,slidewiki/nlp-service,False
1631,java110/MicroCommunity,False
1632,anthonyraymond/joal,False
1633,Haehnchen/idea-php-symfony2-plugin,False
1634,whummer/moto,True
1635,william-richard/moto,True
1636,rocky4570/moto,True
1637,opencb/opencga,False
1638,spotify/docker-maven-plugin,False
1639,rmoetwil/java-cassandra-kafka,False
1640,navalprabhakar/nvlapi,False
1641,aziz781/retail-api,False
1642,apache/metamodel,False
1643,bertrik/ttnhabbridge,False
1644,Labs64/NetLicensing-Gateway,False
1645,hardillb/TRADFRI2MQTT,False
1646,jmesserli/svmeal-api,False
1647,bitsofinfo/hazelcast-docker-swarm-discovery-spi,False
1648,julian-eggers/dockerhub-webhook-forwarder,False
1649,xuxueli/xxl-api,False
1650,Nincodedo/Ninbot,False
1651,manusa/mnIMAPSync,False
1652,liutsi/wstest,False
1653,nusco/narjillos,False
1654,jekkos/ci-language-tool,False
1655,SyncedSynapse/Kore,True
1656,xbmc/Kore,False
1657,ulbricht/oaip,True
1658,GoogleCloudPlatform/storage-sdrs,False
1659,btcontract/wallet,False
1660,dragonite-network/dragonite-java,False
1661,gameontext/gameon-player,False
1662,wepay/kafka-connect-bigquery,False
1663,silarsis/docker-proxy,False
1664,tejksat/docker-java,True
1665,GoogleCloudPlatform/runtime-builder-java,False
1666,PacktPublishing/Microservices-Deployment-Cookbook,False
1667,deanydean/atoms,False
1668,cisco-system-traffic-generator/trex-java-sdk,False
1669,Ghost-Rider-gu/Vocabulary,False
1670,mmnaseri/spring-data-mock,False
1671,pushkyn/sendgrid-java,True
1672,hheg/jitstatic,False
1673,Orange-OpenSource/fiware-cepheus,False
1674,creactiviti/piper,False
1675,spotify/docker-client,False
1676,l0s/fernet-java8,False
1677,Kushki/kushki-java,False
1678,anapsix/docker-alpine-java,False
1679,Kushki/kushki-android,False
1680,Esri/arcgis-runtime-samples-android,False
1681,RxBroadcast/RxBroadcast,False
1682,srp33/ShinyLearner,False
1683,sscarduzio/elasticsearch-readonlyrest-plugin,False
1684,TiX-measurements/tix-time-condenser,False
1685,ANU-Linked-Earth-Data/middleware,False
1686,zalando/nakadi,False
1687,braintree/braintree_java,False
1688,codecentric/springboot-maven3-centos,False
1689,morimekta/providence,False
1690,spring-labs/org.openwms.services,False
1691,mybatis/migrations,False
1692,KorAP/Kustvakt,False
1693,spring-cloud/spring-cloud-dataflow,False
1694,aspinuso/dispel4py,True
1695,GoogleCloudPlatform/openmrs-fhir-analytics,False
1696,GoogleCloudPlatform/dataproc-templates,False
1697,genome-nexus/genome-nexus,False
1698,jenkinsci/docker-workflow-plugin,False
1699,scireum/s3ninja,False
1700,michaelhuettermann/sandbox,False
1701,arc42/HHGDAC,False
1702,AdoptOpenJDK/openjdk-build,False
1703,mvolejnik/public-transport-delays,False
1704,TNG/ArchUnit,False
1705,livepvrdata-oss/livepvrdata-svc,False
1706,corbel-platform/corbel,False
1707,xjdr/xio,False
1708,AndyGee/arquillian-cube,True
1709,nhsconnect/careconnect-reference-implementation,False
1710,gbm-bailleul/xemph,False
1711,jesperancinha/bisca-je,False
1712,makotogo/developerWorks,False
1713,shopizer-ecommerce/shopizer,False
1714,smuralee/spring-batch-quartz-admin,False
1715,junneyang/xxproject,False
1716,rancher/cattle,False
1717,paawak/blog,False
1718,srottem/indy-sdk,True
1719,dhilipsiva/test,False
1720,zeromq/zproto,False
1721,google/oss-fuzz,False
1722,mysecureshell/mysecureshell,False
1723,SKA-ScienceDataProcessor/algorithm-reference-library,False
1724,dinogun/official-images,True
1725,kardapoltsev/sbt-native-packager,True
1726,mpranj/libelektra,True
1727,mimming/snippets,False
1728,telstra/open-kilda,False
1729,iiordanov/BSSH,False
1730,NationalSecurityAgency/timely,False
1731,devgateway/dg-toolkit,False
1732,dainst/gazetteer,False
1733,wrk-fmd/CoCeSo,False
1734,3dcitydb/web-feature-service,False
1735,osmmosques/osm-mosques,False
1736,Grokery/grokerylab,False
1737,jkutner/generator-jhipster,True
1738,GoogleCloudPlatform/healthcare-deid,False
1739,camelliazhang/WhereHows,True
1740,dzc34/Asqatasun,True
1741,clarin-eric/oai-harvest-viewer,False
1742,scalameta/scalafmt,False
1743,cwoolner/flex-poker,False
1744,rkorn86/cas,True
1745,tirthalpatel/Learning-Spring,False
1746,alaunay/bigtop,True
1747,damianszczepanik/jenkins,True
1748,twosigma/beakerx,False
1749,k3po/k3po,False
1750,sipsorcery/bitcoin,True
1751,jambolo/bitcoin,True
1752,Cisco-Talos/pyrebox,False
1753,microlv/vscode,True
1754,markusweimer/reef,True
1755,chinmaygarde/flutter_engine,True
1756,nkurihar/pulsar,True
1757,maoling/zookeeper,True
1758,mapr/hadoop-common,True
1759,dtrodrigues/nifi-minifi-cpp,True
1760,google/mediapipe,False
1761,sadmansk/servo,True
1762,TehZombehz/-tg-station,True
1763,mmartell/geode-native,True
1764,zhangkun83/grpc-java,True
1765,GJL/flink,True
1766,rock007/cloud-starter,False
1767,tateshitah/jspwiki,True
1768,MyCATApache/Mycat-Server,False
1769,DeepSpace69/PartyFinder,False
1770,htynkn/spring-boot,True
1771,ptahchiev/spring-boot,True
1772,tfitzmac/azure-quickstart-templates,True
1773,MovingBlocks/Terasology,False
1774,DimeSPb/RomRaider,True
1775,actiontech/dble,False
1776,GoogleCloudPlatform/dataflow-sample-applications,False
1777,chrislusf/seaweedfs,False
1778,mpalourdio/SpringBootAngularHTML5,False
1779,cncounter/translation,False
1780,jSherz/lsd-members,False
1781,zahmeeth/MutualInformationAnalysisModule,False
1782,commoncrawl/nutch,True
1783,ivy-supplements/mavenizer,False
1784,hof/wstcp-text-proxy,False
1785,flyhero/spring-cloud-microservice,False
1786,openzipkin/docker-zipkin,False
1787,Netflix/photon,False
1788,segator/proxylive,False
1789,NLeSC/structure-from-motion,False
1790,yandex/graphouse,False
1791,br4chu/johann,False
1792,rhuss/docker-maven-plugin,True
1793,gesellix/gradle-docker-plugin,False
1794,antimeme/ripple,False
1795,Flipkart/foxtrot,False
1796,googlecloudplatform/java-docs-samples,False
1797,bioinform/varsim,False
1798,greglandrum/rdkit,True
1799,jam2in/arcus-misc,True
1800,googlei18n/language-resources,False
1801,PeterWithers/DomesticEnvironmentLogger,False
1802,kaenry/spring-boot-magneto,False
1803,librairy/api,False
1804,psachdev6375/devcapsule,False
1805,Akkadius/EQEmuEOC,False
1806,vvysotskyi/drill,True
1807,goldmedal/spark,True
1808,wzhfy/spark,True
1809,ONLYOFFICE/core,False
1810,Hixie/flutter,True
1811,davidzchen/bazel,True
1812,sukeesh/Jarvis,False
1813,bingosummer/azure-quickstart-templates,True
1814,mars-sim/mars-sim,False
1815,lindong28/kafka,True
1816,joostvdg/keep-watching,False
1817,ferzerkerx/album-finder,False
1818,BillyYccc/vertx-postgresql-starter,False
1819,socrata-platform/data-coordinator,False
1820,honeybadger-io/honeybadger-java,False
1821,osrg/namazu,False
1822,jitsi/libjitsi,False
1823,nicholasdille/Sessions,False
1824,google/glome,False
1825,intel/intel-iot-refkit,False
1826,ElektraInitiative/libelektra,False
1827,frostwire/frostwire-jlibtorrent,False
1828,DanielReid/addis-core,True
1829,smgoller/geode,True
1830,stoerr/GrokConstructor,False
1831,fauu/natrank,False
1832,dbmdz/blueprints,False
1833,mlflow/mlflow,False
1834,LearnLib/alex,False
1835,richkmeli/Richkware-Manager-Server,False
1836,salesforce/Argus,False
1837,ONSdigital/ermintrude,False
1838,orionhealth/XBDD,False
1839,defect/collins,True
1840,redlink-gmbh/smarti,False
1841,leventgunay/experimental,False
1842,felliott/modular-file-renderer,True
1843,http4k/http4k,False
1844,transcendent-ai-labs/DynaML,False
1845,BioPAX/validator,False
1846,CenterForOpenScience/cas-overlay,False
1847,shomabegoo/shomabegoo,True
1848,GerritCodeReview/gerrit,False
1849,raehalme/keycloak,True
1850,smartnews/presto,True
1851,hawkular/hawkular-metrics,False
1852,kevinyu98/spark,True
1853,Haishi2016/Vault818,False
1854,dokku/dokku,False
1855,ethereum/go-ethereum,False
1856,efryntov/psiphon-tunnel-core,True
1857,brettwooldridge/buck,True
1858,annarev/tensorflow,True
1859,tecnovert/particl-core,True
1860,mruddy/bitcoin,True
1861,muxi/grpc,True
1862,apache/avro,False
1863,marcotc/OpenRCT2,True
1864,zeromq/czmq,False
1865,facebook/buck,False
1866,Jay-Jay-D/LeanSTP,True
1867,YolandaMDavis/nifi,True
1868,ejona86/grpc-java,True
1869,dapengzhang0/grpc-java,True
1870,vivekmore/generator-jhipster,True
1871,uchicago/shibboleth-oidc,False
1872,dbflute/dbflute-intro,False
1873,lastaflute/lastaflute-test-fortress,False
1874,Armatiek/xslweb,False
1875,transientbot/ButtBot,True
1876,sysbio-curie/NaviCell,False
1877,romartin/kie-wb-common,True
1878,naver/ngrinder,False
1879,dleehr/cwltool,True
1880,dalbhanj/kubernetes-aws-workshop,True
1881,JavaBaas/JavaBaasServer,False
1882,rodionovsasha/ShoppingList,False
1883,ButterFaces/ButterFaces,False
1884,gameontext/gameon-room,False
1885,ActivatorGmbH/infinicast-sdk-java,False
1886,zesetup/vaadin-spring-billet,False
1887,almandin/fuxploider,False
1888,data-integrations/change-data-capture,False
1889,p6spy/p6spy,False
1890,gavlyukovskiy/p6spy,True
1891,rounakraj8/userservice,False
1892,jserv/iri,True
1893,twak/chordatlas,False
1894,rsksmart/rskj,False
1895,kbase/njs_wrapper,False
1896,heuermh/nextflow,True
1897,reportportal/service-authorization,False
1898,eaglet3d/GebToGrid,False
1899,marcomaccio/bankanalyzer-he,False
1900,pughlab/cbioportal,True
1901,dimitarp/basex,True
1902,deniscostadsc/playground,False
1903,google/differential-privacy,False
1904,jimjag/dokku,True
1905,xunilrj/sandbox,False
1906,ptupitsyn/ignite,True
1907,hanm/zookeeper,True
1908,georchestra/georchestra,False
1909,boaglio/spring-boot-greendogdelivery-casadocodigo,False
1910,spinscale/elasticsearch-ingest-langdetect,False
1911,symbiote-h2020/AuthenticationAuthorizationManager,False
1912,bruntib/CodeCompass,True
1913,SEARCH-NCJIS/nibrs,False
1914,openHPI/codeocean,False
1915,apache/tinkerpop,False
1916,francelabs/datafari,False
1917,IHTSDO/release-validation-framework,False
1918,SpartaSystems/holdmail,False
1919,ModelSEED/GenomeImporter,False
1920,sglahn/gradle-dockerfile-plugin,False
1921,pegasus-isi/pegasus,False
1922,Ericsson/CodeCompass,False
1923,tesseract-ocr/tesseract,False
1924,jbarlow83/tesseract,True
1925,nginx/unit,False
1926,butla/experiments,False
1927,ClintonMorrison/personal-website,False
1928,setrofim/workload-automation,True
1929,MTDdk/FrameworkBenchmarks,True
1930,GoogleCloudPlatform/traffic-director-grpc-examples,False
1931,viant/endly,False
1932,gurleen-gks/athenz,True
1933,aodn/aodn-portal,False
1934,Sufyaan-Kazi/spring-boot-cities-ui,False
1935,googleinterns/step128-2020,False
1936,evandor/skysail-server,False
1937,aegamesi/squeebs-classic-server,False
1938,albertlatacz/java-repl,False
1939,rewayaat/rewayaat,False
1940,ibm-messaging/message-hub-samples,False
1941,juniwang/open-hackathon,True
1942,mars-lan/WhereHows,True
1943,sigrennesmetropole/addon_urbanisme,False
1944,pkocandr/indy,True
1945,philliprower/cas,True
1946,apereo/cas,False
1947,idugalic/micro-company,False
1948,caelum/mamute,False
1949,ptrendx/mxnet,True
1950,icexelloss/spark,True
1951,xccui/flink,True
1952,zjureel/flink,True
1953,seata/seata,False
1954,traDE4chor/trade-core,False
1955,linas/link-grammar,True
1956,mcneilco/acas-cmpdreg-roo-server,False
1957,xiaokuangkuang/kuangjingxiangmu,False
1958,JeremyRubin/bitcoin,True
1959,snnn/tensorflow,True
1960,mstorsjo/openh264,True
1961,jamesob/bitcoin,True
1962,motus/reef,True
1963,sohami/drill,True
1964,splav/servo,True
1965,IntelOrca/OpenRCT2,True
1966,melissalinkert/bioformats,True
1967,Vlatombe/jenkins,True
1968,infotexture/dita-ot,True
1969,chaquo/chaquopy,False
1970,libamtrack/library,False
1971,mattyb149/nifi,True
1972,kaibozhou/flink,True
1973,shaoxuan-wang/flink,True
1974,vipshop/Saturn,False
1975,github/platform-samples,False
1976,guozhangwang/kafka,True
1977,isstac/spf-wca,False
1978,mesosphere/dcos-kafka-service,False
1979,GoogleCloudPlatform/cloud-bigtable-examples,False
1980,thelastpickle/cassandra-reaper,False
1981,ONSdigital/The-Train,False
1982,nmdp-bioinformatics/service-feature,False
1983,GoogleCloudPlatform/tomcat-runtime,False
1984,msoute/vertx-deploy-tools,False
1985,padriano/catpeds,False
1986,amient/affinity,False
1987,aibano/smsmessagesender,False
1988,snowplow/snowplow-java-tracker,False
1989,OpenDataSTL/STLCourts-api,False
1990,danielme-com/Spring-Data-JPA-Demo,False
1991,PaperCutSoftware/dust-api,False
1992,jvalue/commons,False
1993,binfalse/CaRoWeb,False
1994,wzhongyuan/BigDL,True
1995,ilayaperumalg/spring-cloud-dataflow,True
1996,openstack/monasca-api,False
1997,LoyolaChicagoCode/scala-tdd-fundamentals,False
1998,ppine7/kafka-elasticsearch-standalone-consumer,True
1999,pitchpoint-solutions/sfs,False
2000,YY-ORG/yycloud,False
2001,magullo/jmxtrans,True
2002,google/tsunami-security-scanner,False
2003,wregs/c4proto,True
2004,apache/incubator-toree,False
2005,gclayburg/dockerPreparePlugin,False
2006,sehrope/pgjdbc,True
2007,raj-bhatia/grooveip-ios-public,False
2008,bbxyard/bbxyard,False
2009,anastasop/oneshot,False
2010,robocomp/robocomp-robolab,False
2011,Sciss/sbt-native-packager,True
2012,rake-compiler/rake-compiler-dock,False
2013,akhanf/vasst-dev,False
2014,operepo/ope,False
2015,xtuml/bridgepoint,False
2016,GoogleCloudPlatform/professional-services,False
2017,codetojoy/gists,False
2018,sagenschneider/FrameworkBenchmarks,True
2019,bforbis/thrift,True
2020,gliderlabs/herokuish,False
2021,nicksellen/reka,False
2022,yahoo/athenz,False
2023,hotblac/spanners,False
2024,jsmadja/shmuphiscores,False
2025,sivaprasadreddy/springboot-tutorials,False
2026,behrouzsh/LINCS-Proteomics-Landing-Page,False
2027,apache/chukwa,False
2028,EBISPOT/OLS,False
2029,vitrivr/ADAMpro,False
2030,mainzed/labelingsystem-server,False
2031,dzc34/Contrast-Finder,True
2032,thx/RAP,False
2033,ksthesis/gatk,True
2034,tumblr/collins,False
2035,Quetzal-RDF/synthesis,False
2036,tribou/react-template,False
2037,Terentich/spring-boot-hello,False
2038,bolcom/docker-for-testers,False
2039,thm-projects/arsnova-backend,False
2040,liimaorg/liima,False
2041,bcgov/sbc-qsystem,False
2042,nla/bamboo,False
2043,ottobackwards/metron,True
2044,actuaryzhang/spark,True
2045,sahilTakiar/spark,True
2046,zero323/spark,True
2047,laurentgo/arrow,True
2048,jeandet/meson,True
2049,BitcoinUnlimited/BitcoinUnlimited,False
2050,singlis/reef,True
2051,amirakhmedov/ignite,True
2052,Intel-tensorflow/tensorflow,True
2053,iotivity/iotivity,False
2054,carandraug/bioformats,True
2055,Gugli/Openfire,True
2056,gmarziou/generator-jhipster,True
2057,ScaniaTV/PhantomBot,True
2058,Nmishin/jagger,True
2059,abcxyz/jvs,False
2060,Logimethods/smart-meter,False
2061,mesosphere/dcos-commons,False
2062,svalyn/svalyn,False
2063,rori-dev/lunchbox,False
2064,WISVCH/connect,False
2065,GoogleCloudPlatform/solutions-gke-pvm-preemption-handler,False
2066,irunninglog/api,False
2067,Unknow0/sync,False
2068,devmattrick/EmotesBot,False
2069,thyrlian/SonarOnDocker,False
2070,sanger-pathogens/iva,False
2071,groovenauts/raspi-ops,False
2072,openthread/ot-registrar,False
2073,wipatrick/docker-kafka-storm,False
2074,1and1/snmpman,False
2075,techa03/goodsKill,False
2076,dispel4py/dispel4py,False
2077,ldbc/ldbc_snb_datagen,False
2078,andrewflbarnes/kings-results-service,False
2079,rulojuka/sbking,False
2080,sendgrid/java-http-client,False
2081,carlossg/docker-maven,False
2082,zhoujiagen/giant-data-analysis,False
2083,cprov/snapcraft,True
2084,chwarr/bond,True
2085,ia-toki/judgels,False
2086,ijingo/incubator-singa,True
2087,cedral/aws-sdk-cpp,True
2088,DestructHub/ProjectEuler,False
2089,VinceMacBuche/rudder,True
2090,spacewalkproject/spacewalk,False
2091,dosiecki/NewsBlur,True
2092,jtulach/sieve,False
2093,1337/yesterday-i-learned,False
2094,matthchr/autorest,True
2095,dcelasun/thrift,True
2096,nicolasnoble/grpc,True
2097,mertnuhoglu/study,False
2098,gengstrand/clojure-news-feed,False
2099,rimolive/oshinko-s2i,True
2100,ucbrise/clipper,False
2101,cossacklabs/acra,False
2102,nasa/Common-Metadata-Repository,False
2103,alexquick/dokku,True
2104,swarmpit/swarmpit,False
2105,HubSpot/vitess,True
2106,calvinjia/tachyon,True
2107,EvilMcJerkface/alluxio,True
2108,crystaldust/containerops,True
2109,nextbreakpoint/example-images-shop,False
2110,twitter/distributedlog,False
2111,roboconf/roboconf-platform,False
2112,WeaxMe/Orienteer,True
2113,steinarb/ukelonn,False
2114,EBISPOT/webulous,False
2115,HuygensING/timbuctoo,False
2116,stefanrinderle/softvis3d,False
2117,PierreBesson/generator-jhipster,True
2118,bitstorm/wicket,True
2119,botorabi/Meet4Eat,False
2120,alexandrofs/gfp,False
2121,WildbookOrg/Wildbook,False
2122,straumat/blockchain2graph,False
2123,melistik/vaadin-grid-util,False
2124,micgn/timetracker,False
2125,MakeITBologna/zefiro,False
2126,ivandejanovic/springdemo,False
2127,oicr-gsi/miso-lims,True
2128,all-of-us/workbench,False
2129,robintaylor/datavault,True
2130,e-gov/DHX-adapter,False
2131,wildfly-extras/wildfly-camel,False
2132,yeastrc/proxl-web-app,False
2133,google/floody,False
2134,banmohan/frapid,True
2135,leapcode/bitmask_android,False
2136,ambs/exist,True
2137,mehmetf/plugins,True
2138,AlDanial/cloc,False
2139,yanboliang/spark,True
2140,hhbyyh/spark,True
2141,github/codeql,False
2142,siying/rocksdb,True
2143,prusnak/bitcoin,True
2144,thought-machine/please,False
2145,GaloisInc/saw-script,False
2146,adam-p/psiphon-tunnel-core,True
2147,anditto/bitcoin,True
2148,bitcoin/bitcoin,False
2149,csound/csound,False
2150,sven-lange-last/openwhisk,True
2151,jasonpet/openwhisk,True
2152,cbickel/openwhisk,True
2153,andrey-kuznetsov/ignite,True
2154,apache/thrift,False
2155,devoncarew/engine,True
2156,sujeet4github/MyLangUtils,False
2157,31z4/official-images,True
2158,docker-library/official-images,False
2159,lreis2415/SEIMS,False
2160,apache/hadoop,False
2161,openwide-java/jsass,True
2162,paulrouget/servo,True
2163,hpi-xnor/BMXNet,False
2164,majestrate/i2pd,True
2165,recena/jenkins,True
2166,tagspaces/tagspaces,False
2167,cytomine/Cytomine-core,False
2168,ijokarumawak/nifi,True
2169,jinglining/flink,True
2170,crapo/sadlos2,False
2171,fmarchioni/mastertheboss,False
2172,AlbanAndrieu/nabla-servers-bower-sample,False
2173,rweisleder/spring-boot,True
2174,iMartinezMateu/gamecraft,False
2175,apache/pig,False
2176,apache/kafka,False
2177,igwtech/OpenAs2App,True
2178,scalyr/scalyr-agent-2,False
2179,cflint/CFLint,False
2180,sumanjs/suman,False
2181,sendgrid/go-solr,False
2182,GoogleCloudPlatform/cloud-build-software-delivery,False
2183,MaibornWolff/codecharta,False
2184,cryptapus/electrum,True
2185,ingenieux/beanstalker,False
2186,jenkinsci/pipeline-maven-plugin,False
2187,barspi/jPOS,True
2188,wenanguo/anguosoft,False
2189,tunguski/kosher,False
2190,systelab/seed-jee,False
2191,askplatypus/platypus-kb-lucene,False
2192,metasfresh/metasfresh-webui-api,False
2193,misalcedo/RapBot,False
2194,cijujoseph/activiti-analytics-spring-boot,False
2195,openbaton/plugin-sdk,False
2196,logzio/jmx2graphite,False
2197,hvanhovell/weld-java,False
2198,CodeArcsInc/candlestack,False
2199,wardle/rsterminology,False
2200,idugalic/serverless-company,False
2201,realm/realm-android-adapters,False
2202,Nike-Inc/cerberus-lifecycle-cli,False
2203,xzel23/meja,False
2204,zensum/franz,False
2205,RachelTucker/ds3_java_sdk,True
2206,OpenASR/idear,False
2207,AKSW/KBox,False
2208,spring-labs/org.openwms.configuration,False
2209,KlubJagiellonski/pola-ai,False
2210,jorsol/pgjdbc,True
2211,droidefense/engine,False
2212,angelicaochoa/cbioportal,True
2213,cBioPortal/cbioportal,False
2214,wwjiang007/alluxio,True
2215,scality/S3,False
2216,jakerenzella/doubtfire-api,True
2217,google-octo/cloud-builders,True
2218,Subterranean-Security/Sandpolis,False
2219,AsamK/TextSecure,True
2220,pdxrunner/geode,True
2221,idugalic/reactive-company,False
2222,scalableminds/webknossos,False
2223,TankTian/acmeair,True
2224,Studentmediene/Momus,False
2225,CarlosMecha/notebooks,False
2226,splicemachine/splice-community-sample-code,False
2227,witchpou/lj-projectbuilder,False
2228,InternetworkConsultingLLC/incAccounting,False
2229,GoogleCloudPlatform/jetty-runtime,False
2230,Fokko/druid,True
2231,zuotingbing/spark,True
2232,nchammas/spark,True
2233,Blazemeter/taurus,False
2234,cbracken/flutter,True
2235,pytorch/vision,False
2236,jdye64/nifi-minifi-cpp,True
2237,mikeb01/Aeron,True
2238,sbesson/bioformats,True
2239,paulnguyen/cloud,False
2240,GoogleCloudPlatform/pgadapter,False
2241,alopresto/nifi,True
2242,mbode/flink,True
2243,gravitee-io/graviteeio-access-management,False
2244,resamsel/translatr,False
2245,Remigius2011/webapp-hello-java,False
2246,arcyfelix/Courses,False
2247,ConnorStroomberg/molgenis,True
2248,pferraro/JGroups,True
2249,Darkside138/DiscordSoundboard,False
2250,3dcitydb/importer-exporter,False
2251,felamaslen/budget,False
2252,jsuchenia/elasticsearch-prometheus-metrics,False
2253,sdaschner/asciiblog,False
2254,greenmail-mail-test/greenmail,False
2255,wwcodeportland/study-nights,False
2256,touist/touist,False
2257,aunfl0w/frozen-particle-waves,False
2258,rackerlabs/blueflood,False
2259,athrane/bassebombecraft,False
2260,feedm3/unhypem-backend,False
2261,mdkhanga/my-blog-code,False
2262,harrystech/scala-jooq-tables,False
2263,GIScience/openrouteservice,False
2264,googleads/googleads-mobile-android-examples,False
2265,catabriga/graphwar,False
2266,kbase/catalog,False
2267,Lucas-C/hesperides,True
2268,GoogleCloudPlatform/gcp-token-broker,False
2269,SpAiNiOr/mystudy,False
2270,jt70471/aws-sdk-cpp,True
2271,gbif/geocode,False
2272,apsaltis/nifi,True
2273,googleapis/google-cloud-java,False
2274,jfisbein/imapcopy,False
2275,opencadc/caom2db,False
2276,redhat-developer/che-starter,False
2277,hmost1/incubator-toree,True
2278,grpc/grpc-java,False
2279,ChangFeng2015/spring-boot-demo-prototype,False
2280,marcelmay/hadoop-hdfs-fsimage-exporter,False
2281,AvaloniaUI/AvaloniaEdit,False
2282,jacopofar/fleximatcher-rest-interface,False
2283,mozilla-mobile/focus-android,False
2284,tduehr/cas,True
2285,guihome-diaz/training,False
2286,hashicorp/nomad,False
2287,mturkia/subsurface,True
2288,Alluxio/alluxio,False
2289,open-policy-agent/contrib,False
2290,shaka-project/generic-webdriver-server,False
2291,brotzeit/remacs,True
2292,wengwh/plumdo-work,False
2293,devgateway/oc-explorer,False
2294,renrenio/renren-security,False
2295,azagniotov/stubby4j,False
2296,hibernate/hibernate-demos,False
2297,ctripcorp/x-pipe,False
2298,cestella/incubator-metron,True
2299,etlegacy/etlegacy,False
2300,Skycoder42/KeepassTransfer,False
2301,PasaLab/tachyon,True
2302,heuermh/service-feature,True
2303,szerhusenBC/jwt-spring-security-demo,False
2304,Kaggle/kaggle-environments,False
2305,markpollack/spring-cloud-dataflow,True
2306,smoketurner/uploader,False
2307,GoogleCloudPlatform/grpc-gcp-java,False
2308,kbase/narrative_method_store,False
2309,ga4gh/dockstore-support,False
2310,madrazo/lime-1,True
2311,InnovArul/codesmart,False
2312,Segs/Segs,False
2313,richardbeare/SimpleITK,True
2314,nmav/luci,True
2315,autozimu/LanguageClient-neovim,False
2316,mvo5/snapcraft,True
2317,krissman/rhiot,True
2318,somdoron/zproto,True
2319,confluentinc/examples,False
2320,foursquare/pants,True
2321,mc-b/IoTKit,False
2322,sio2project/oioioi,False
2323,atumanov/ray,True
2324,pcmoritz/ray-1,True
2325,apache/kylin,False
2326,flutter/plugins,False
2327,sparkprime/jsonnet,True
2328,omalley/orc,True
2329,googlefonts/oss-fuzz,True
2330,mechtaev/angelix,False
2331,vmamidi/trafficserver,True
2332,RossMeikleham/PlutoBoy,False
2333,furylynx/MAE,False
2334,luke-ho/hello-github,False
2335,kythe/kythe,False
2336,cshenry/fba_tools,False
2337,sio2project/sioworkers,False
2338,google/language-resources,False
2339,crs4/pydoop,False
2340,carlosb1/examples-rust,False
2341,sbt/sbt-native-packager,False
2342,CERNDocumentServer/invenio,True
2343,kivy/python-for-android,False
2344,fabric8io/docker-maven-plugin,False
2345,IITDBGroup/gprom,False
2346,anchore/syft,False
2347,google/shipshape,False
2348,paxnil/uless,False
2349,mlaccetti/rocksaw,False
2350,EaglesoftZJ/actor-platform,True
2351,looker/puma,True
2352,glyn/jvmkill,True
2353,mozilla/mentat,False
2354,yangw1234/BigDL,True
2355,OpenVidu/openvidu-tutorials,False
2356,mastersingh24/kubernetes-engine-samples,True
2357,dockerian/go-coding,False
2358,xamarin/XamarinComponents,False
2359,dockersamples/atsea-sample-shop-app,False
2360,n2o/dpb,False
2361,greenlaw110/FrameworkBenchmarks,True
2362,matthewshim-ms/Recognizers-Text,True
2363,RobberPhex/thrift,True
2364,htcondor/htcondor,False
2365,EMResearch/EMB,False
2366,firebase/grpc,True
2367,kou/arrow,True
2368,JamesDunne/odamex,True
2369,IntegratedAlarmSystem-Group/ias,False
2370,ghorbanzade/sloth,False
2371,martindavid/code-sandbox,False
2372,abti/gobblin,True
2373,nrizzio/Signal-Android,True
2374,tensorflow/examples,False
2375,intel-isl/MiDaS,False
2376,bsc-dd/hecuba,False
2377,nuald/simple-web-benchmark,False
2378,cloudspannerecosystem/emulator-samples,False
2379,pietermartin/sqlg,False
2380,plasma147/github-thrift-client-server,False
2381,CloudVLab/professional-services,True
2382,bazelbuild/continuous-integration,False
2383,bf8086/alluxio,True
2384,enisoc/vitess,True
2385,PurelyApplied/geode,True
2386,deepakddixit/incubator-geode,True
2387,jenmalloy/enmasse,True
2388,savantly-net/sprout-platform,False
2389,researchstudio-sat/webofneeds,False
2390,rroart/aether,False
2391,ONSdigital/babbage,False
2392,luchoct/ghost,False
2393,chris060986/jenkins-dashboard,False
2394,chucknorris-io/chuck-api,False
2395,mtmse/nordic-epub3-dtbook-migrator,True
2396,Damianofds/taskmanager,False
2397,pacmacro/pm-server,False
2398,Tianhao-Gu/ReadsUtils,True
2399,yasshi2525/rushhourgame,False
2400,cdk/depict,False
2401,codeheap/SpringBootSample,False
2402,pesan/service-spy,False
2403,hantsy/angularjs-springmvc-sample-boot,False
2404,chocotan/lolibox,False
2405,kloiasoft/eventapis,False
2406,yuown/derby-app,False
2407,ManuelB/mediminder,False
2408,HHS/lodestar,True
2409,pmhtech/api-server,False
2410,RLOpenCatalyst/core,False
2411,jsperhac/xdmod,True
2412,moodlehq/moodlemobile2,False
2413,xdamsorg/xDams-core,False
2414,bioinformatics-ua/dicoogle,False
2415,drumonii/LeagueTrollBuild,False
2416,schemaspy/schemaspy,False
2417,nus-ncl/service-web,False
2418,powertac/powertac-server,False
2419,patrocinio/java-memory-leak,False
2420,support-project/knowledge,False
2421,alrocar/POIProxy,False
2422,Asqatasun/Contrast-Finder,False
2423,toschneck/openshift-example-bakery-ci-pipeline,False
2424,javaterminal/tryjshell,False
2425,patexoid/ZombieLib2,False
2426,DavideD/hibernate-demos,True
2427,phac-nml/irida,False
2428,Coding/Coding-Android,False
2429,dizitart/nitrite-database,False
2430,zhcet-amu/zhcet-web,False
2431,jonalmeida/focus-android,True
2432,orange-buffalo/hoopoe-profiler,False
2433,apache/incubator-myriad,False
2434,yufeldman/incubator-myriad,True
2435,linkedin/WhereHows,False
2436,msf-oca-his/dhis2-core,True
2437,hispindia/dhis2-Core,True
2438,rybalkinsd/atom,False
2439,dbmi-pitt/dbmi-annotator,False
2440,MrCreosote/workspace_deluxe,True
2441,kbase/workspace_deluxe,False
2442,kbase/kb_sdk,False
2443,kbase/user_and_job_state,False
2444,lilida/teletraan,True
2445,takenspc/validator,True
2446,datamade/chi-councilmatic,False
2447,ixtf/japp-execution,False
2448,MaxxtonGroup/microdocs,False
2449,HubSpot/Singularity,False
2450,koddas/war-web-project,False
2451,binfalse/CombineArchiveWeb,False
2452,richardingham/octopus,False
2453,chilimannen/webshoppe,False
2454,at88mph/caom2ui,True
2455,opencadc/caom2ui,False
2456,moschlar/SAUCE,False
2457,mcekovic/tennis-crystal-ball,False
2458,arjun4084346/gobblin,True
2459,ruhan1/indy,True
2460,yma88/indy,True
2461,MovingBlocks/TerasologyLauncher,False
2462,spring-cloud/spring-cloud-contract,False
2463,rmpestano/cukedoctor,False
2464,incodehq/isis,True
2465,geneontology/amigo,False
2466,dremio/dremio-oss,False
2467,vivo-project/VIVO,False
2468,idugalic/micro-ecommerce,False
2469,xiongba-me/solo,True
2470,jmdhappy/xxpay-master,False
2471,NCI-Agency/anet,False
2472,lixiaocong/lxcCMS,False
2473,ChristophB/ontology_service,False
2474,EHJ-52n/SOS,True
2475,twitter/diffy,False
2476,google/nomulus,False
2477,protosam/hostcontrol,False
2478,fspindle/visp,True
2479,PolymerLabs/arcs,False
2480,spechub/Hets,False
2481,project-oak/hafnium-verification,False
2482,windauer/exist,True
2483,wolfgangmm/exist,True
2484,keycloak/keycloak,False
2485,stianst/keycloak,True
2486,mposolda/keycloak,True
2487,thomasdarimont/keycloak,True
2488,sbsdev/sbs-braille-tables,False
2489,adessaigne/camel,True
2490,nickwallen/metron,True
2491,e1528532/libelektra,True
2492,errhal/scattdb,False
2493,adamkewley/jobson,False
2494,dkhwangbo/druid,True
2495,liquidm/druid,True
2496,deltaprojects/druid,True
2497,nielsbasjes/yauaa,False
2498,walterfan/snippets,False
2499,joernio/joern,False
2500,apache/drill,False
2501,kkhatua/drill,True
2502,sxjscience/mxnet,True
2503,jkbradley/spark,True
2504,guoxiaolongzte/spark,True
2505,rikima/spark,True
2506,zhouyejoe/spark,True
2507,ahnqirage/spark,True
2508,caneGuy/spark,True
2509,rekhajoshm/spark,True
2510,apache-spark-on-k8s/spark,True
2511,apache/spark,False
2512,holdenk/spark,True
2513,dongjoon-hyun/spark,True
2514,MarkEWaite/jenkins,True
2515,zentol/flink,True
2516,tillrohrmann/flink,True
2517,leeyazhou/sharding-jdbc,True
2518,ilgrosso/syncope,True
2519,ascrutae/sky-walking,True
2520,PennState/SCIMple-Identity,False
2521,locationtech/geowave,False
2522,scify/memori-online-games-repository,False
2523,opencog/link-grammar,False
2524,ngs-doo/TemplaterExamples,False
2525,manishbisht/Udacity,False
2526,joshmgrant/selenium,True
2527,illacceptanything/illacceptanything,False
2528,spring-projects/spring-framework,False
2529,expa/herokuish,True
2530,judge0/api-base,False
2531,google/makani,False
2532,alexhausen/examples,False
2533,wcs1only/s2n,True
2534,rockset/rocksdb-cloud,True
2535,rjl493456442/go-ethereum,True
2536,matthieu/go-ethereum,True
2537,dottools/Torque2D,True
2538,ihmc/nomads,False
2539,imfoollink/NPLRuntime,True
2540,cpcloud/arrow,True
2541,renesugar/arrow,True
2542,mahak/vitess,True
2543,Addepar/buck,True
2544,thiblahute/meson,True
2545,freedomtan/tensorflow,True
2546,jhseu/tensorflow,True
2547,davidzchen/tensorflow,True
2548,ppwwyyxx/tensorflow,True
2549,xodus7/tensorflow,True
2550,AnishShah/tensorflow,True
2551,aam-at/tensorflow,True
2552,brchiu/tensorflow,True
2553,cisco/openh264,False
2554,HeapStats/heapstats,False
2555,thomashaw/SecGen,True
2556,aweinstock314/aweinstock-ctf-writeups,False
2557,kallewoof/bitcoin,True
2558,achow101/bitcoin,True
2559,domob1812/bitcoin,True
2560,fanquake/bitcoin,True
2561,sstone/bitcoin,True
2562,markusthoemmes/openwhisk,True
2563,csantanapr/incubator-openwhisk,True
2564,Krzysztof-Cieslak/vscode,True
2565,microsoft/vscode-textmate,False
2566,beia/beialand,False
2567,apache/reef,False
2568,daradurvs/ignite,True
2569,alexzaitzev/ignite,True
2570,RobAltena/deeplearning4j,True
2571,sreecha/grpc,True
2572,zolyfarkas/avro,True
2573,gautam1858/tensorflow,True
2574,nizhikov/ignite,True
2575,ascherbakoff/ignite,True
2576,sixlettervariables/sierra-ecg-tools,False
2577,nicolatimeus/kura,True
2578,docker-solr/official-images,True
2579,tvolkert/flutter,True
2580,arshadmohammad/zookeeper,True
2581,apache/zookeeper,False
2582,naver/arcus-zookeeper,False
2583,HubSpot/hbase,True
2584,bijugs/hbase,True
2585,cchang738/drill,True
2586,emilio/servo,True
2587,notriddle/servo,True
2588,keybase/client,False
2589,PaddlePaddle/Paddle,False
2590,jeremylong/DependencyCheck,False
2591,zturtleman/etlegacy,True
2592,google/conscrypt,False
2593,sbesson/openmicroscopy,True
2594,zoobab/malamute,True
2595,zeromq/malamute,False
2596,Tinkerforge/brickd,False
2597,dslomov/bazel,True
2598,mwzero/Criteria,False
2599,oleg-nenashev/jenkins,True
2600,DanielWeber/jenkins,True
2601,apache/tomcat,False
2602,guusdk/Openfire,True
2603,yslin/tools-zodlin,False
2604,4dplanner/tgstation,True
2605,NicholasM10/-tg-station,True
2606,meejah/crossbarexamples,True
2607,kdcllc/Chavah,True
2608,robotechredmond/azure-quickstart-templates,True
2609,bitbar/testdroid-samples,False
2610,census-ecosystem/opencensus-microservices-demo,False
2611,pvillard31/nifi,True
2612,apache/jena,False
2613,andschwa/mesos,True
2614,bbende/nifi,True
2615,ueshin/apache-flink,True
2616,zhangminglei/flink,True
2617,yew1eb/flink,True
2618,ctamisier/generator-jhipster,True
2619,ruddell/generator-jhipster,True
2620,liseri/generator-jhipster,True
2621,jhipster/generator-jhipster,False
2622,HiromuHota/pentaho-kettle,True
2623,jamesagnew/hapi-fhir,False
2624,dejanb/hono,True
2625,apache/opennlp,False
2626,jzonthemtn/opennlp,True
2627,structr/structr,False
2628,fcarsten/ANVGL-Portal,True
2629,B3Partners/flamingo,False
2630,headsupdev/agile,False
2631,JpressProjects/jpress,False
2632,MarWoes/viper,False
2633,AjitPS/KnetMiner,True
2634,autentia/TNTConcept,False
2635,aktin/broker,False
2636,eurohlam/rss2kindle,False
2637,Grasia/swellrt,True
2638,alibaba/otter,False
2639,ConSol/sakuli,False
2640,chaokunyang/jkes,False
2641,nepaul/learn-web-development-by-codes,False
2642,foam-framework/foam,False
2643,duniter/duniter4j,False
2644,thomsonreuters/CM-Well,False
2645,e-orz/CM-Well,True
2646,soralee/zeppelin,True
2647,vrampal/connectfour,False
2648,fdlk/molgenis,True
2649,Azure/azure-quickstart-templates,False
2650,elastic/runbld,False
2651,F4-Group/herokuish,True
2652,RomRaider/RomRaider,False
2653,PennState/directory-fortress-core-1,True
2654,noslowerdna/kafka,True
2655,ollie314/kafka,True
2656,softappeal/yass,False
2657,dadoonet/fscrawler,False
2658,matyb/java-koans,False
2659,RoiEXLab/triplea,True
2660,kuhnuri/kuhnuri-queue,False
2661,thingsboard/performance-tests,False
2662,schnatterer/colander,False
2663,gazbert/bxbot,False
2664,OpenNMS/opennms-provisioning-integration-server,False
2665,Waikato/moa,False
2666,harvard-lts/fits,False
2667,continuumsecurity/bdd-security,False
2668,MadDogTechnology/opentsdb,True
2669,apache/archiva,False
2670,abcxyz/lumberjack,False
2671,JoseAlban/etc,False
2672,opennetworkinglab/onos-warden,False
2673,twdsilva/phoenix,True
2674,ccem-dev/otus-api,False
2675,colincoleman/Terraform-CI-POC,False
2676,google/framework-for-osdu,False
2677,google/exposure-notifications-private-analytics-ingestion,False
2678,k-tamura/easybuggy,False
2679,zandero/rest.vertx,False
2680,T5750/poi,False
2681,mkjoerg/nifi-prometheus-reporter,False
2682,abetterway2feel/FixtureFinderService,False
2683,opencadc/reg,False
2684,redhat-helloworld-msa/ola,False
2685,jonasoreland/runnerup,False
2686,jaeksoft/opensearchserver,False
2687,UH-StudentServices/moodi-app,False
2688,gersteinlab/exceRpt,True
2689,BiBiServ/bibigrid,False
2690,wavesplatform/Waves,False
2691,UH-StudentServices/mystudies-myteaching-backend,False
2692,jenkinsci/mesos-plugin,False
2693,gocd-contrib/docker-elastic-agents,False
2694,mickknutson/spring-cloud-config,False
2695,checkstyle-addons/checkstyle-addons,False
2696,ewolff/user-registration-V2,False
2697,o3project/odenos,False
2698,humio/dcos2humio,False
2699,LREN-CHUV/java-base-docker-images,False
2700,OHDSI/WebAPI,False
2701,bfwg/springboot-jwt-starter,False
2702,stweiz/rollin_wit_da_phatness,False
2703,anhem/urchin,False
2704,spulec/moto,False
2705,razie/diesel-rx,False
2706,AgileVentures/MetPlus_resumeCruncher,False
2707,InnovateUKGitHub/innovation-funding-service,False
2708,mikacashman/Weka,False
2709,opendatasoft/elasticsearch-aggregation-envelope,False
2710,sudheer440/jenkinsprac,False
2711,zielu/SVNToolBox,False
2712,yandex-qatools/juseppe,True
2713,filipecorrea/spark,False
2714,google-cloud-japan/m10l-chat-antidote-backend-demo,False
2715,enanomapper/nanojava,False
2716,ronaldtanner/timesystem,False
2717,DigiBP/digibp-archetype-camunda-boot,False
2718,rpinaa/jee-architecture-spring-boot-entity,False
2719,prometheus/cloudwatch_exporter,False
2720,Tisawesomeness/Minecord,False
2721,RootServices/otter,False
2722,bluedenim/log4j-s3-search,False
2723,arun0009/ocr-tess4j-rest,False
2724,xuxueli/xxl-job,False
2725,meraki-analytics/kernel,False
2726,tonivade/claudb,False
2727,chuangxian/lib-edge,False
2728,zhangxiaoli73/BigDL,True
2729,richardmleggett/NanoOK,False
2730,TGAC/NanoOK,True
2731,AlexElin/pgjdbc,True
2732,ghillert/spring-cloud-dataflow,True
2733,jose-oc/java-dockerized,False
2734,dcsolutions/kalinka,False
2735,irundaia/sbt-sassify,False
2736,dsteinich/WQP-WQX-Services,True
2737,Batix/rundeck-ansible-plugin,False
2738,openstack/monasca-thresh,False
2739,nimble-platform/identity-service,False
2740,thomas-hutterer-tik/restservice-example,False
2741,openbaton/generic-vnfm,False
2742,elasticsoftwarefoundation/elasticactors-kubernetes,False
2743,y1j2x34/spring-influxdb-orm,False
2744,cloudiator/rest-server,False
2745,nathancashmore/iou,False
2746,DataBiosphere/terra-cli,False
2747,codeborne/mobileid,False
2748,elastisys/scale.cloudpool,False
2749,authorjapps/zerocode,False
2750,AccelerationNet/access2csv,False
2751,fabric8io-images/run-java-sh,False
2752,bazaarvoice/emodb,False
2753,exaspace/kafkawait,False
2754,GoogleCloudPlatform/cloud-spanner-samples,False
2755,dma-ais/AisTrack,False
2756,cloudfoundry/java-buildpack-system-test,False
2757,pawc/Chat,False
2758,marcermarc/DockerMinecraft,False
2759,bassages/home-server,False
2760,lsst-uk/phymatopus,False
2761,OpenTOSCA/container,False
2762,Shynixn/StructureBlockLib,False
2763,ClouDesire/capri,False
2764,savoirfairelinux/ring-client-android,False
2765,sqlancer/sqlancer,False
2766,mynlp/jigg,False
2767,Cantara/ConfigService,False
2768,GoogleCloudPlatform/datacatalog-connectors-hive,False
2769,syncthing/syncthing-android,False
2770,jenshadlich/s3srv,False
2771,smolenski/Jopama,False
2772,Metatavu/kunta-api-server,False
2773,JavaDogs/cws,False
2774,atcult/mod-cataloging,False
2775,sendgrid/sendgrid-java,False
2776,WOVNio/wovnjava,False
2777,neo4j/docker-neo4j,False
2778,overleaf/writelatex-git-bridge,True
2779,HenryCaiHaiying/secor,True
2780,kbaseapps/GenomeFileUtil,False
2781,actionml/harness,False
2782,spotify/spydra,False
2783,Fate-JH/PSF-LoginServer,True
2784,george-pon/kjwikigdocker,False
2785,stevespringett/nist-data-mirror,False
2786,THK-ADV/lwm-reloaded,False
2787,xtwxy/mysc,False
2788,nevenr/vertx-auth,True
2789,dcchivian/kb_util_dylan,False
2790,dcchivian/kb_hmmer,False
2791,telldus/telldus-live-mobile-v3,False
2792,GoogleCloudPlatform/cloud-for-marketing,False
2793,lresende/incubator-toree,True
2794,GoogleCloudPlatform/retail-common-services,False
2795,jenkinsci/kubernetes-plugin,False
2796,duncte123/SkyBot,False
2797,cfieber/igor,True
2798,nextflow-io/nextflow,False
2799,mes5k/nextflow,True
2800,Transmode/gradle-docker,False
2801,diabolicallabs/vertx-examples,False
2802,brown-uk/dict_uk,False
2803,karianna/openjdk-build,True
2804,atteo/jfactory,False
2805,topicusonderwijs/mssql2monetdb,False
2806,prestodb/tempto,False
2807,janj-su/sukat-cxf-svc,True
2808,cytomine/Cytomine-java-client,False
2809,open-telemetry/opentelemetry-java-contrib,False
2810,pgjdbc/pgjdbc,False
2811,browserup/browserup-proxy,False
2812,database-rider/database-rider,False
2813,telefonicaid/fiware-cygnus,False
2814,reinhapa/Sandbox,False
2815,KillrVideo/killrvideo-java,True
2816,whiskeysierra/compass,False
2817,SoftInstigate/restheart,False
2818,iotaledger/iri,False
2819,conversant/disruptor,False
2820,ekarayel/sync-mht,False
2821,GoogleCloudPlatform/monolith-to-microservices-example,False
2822,RohanNagar/thunder,False
2823,openwide-java/artifact-listener,False
2824,Cantara/dropwizard-hello-world-application,False
2825,higanworks/rundeck-slack-incoming-webhook-plugin,True
2826,sfuhrm/capsula,False
2827,vert-x3/vertx-examples,False
2828,DANCEcollaborative/bazaar,False
2829,zhx828/cbioportal,True
2830,zaqwes8811/micro-apps,False
2831,upfluence/thrift,True
2832,sheridancbio/cbioportal,True
2833,player-03/lime,True
2834,mariomka/regex-benchmark,False
2835,pinterest/rocksplicator,False
2836,ubtue/ub_tools,False
2837,Ghost-Rider-gu/authorization-microservice,False
2838,MPI-ExperimentGroup/ExperimentTemplate,True
2839,dvcama/LodView,False
2840,android/android-test,False
2841,ptkool/spark,True
2842,shuangshuangwang/spark,True
2843,tgvaughan/bacter,False
2844,jbush001/NyuziProcessor,False
2845,nsuke/thrift,True
2846,Jochen-A-Fuerbacher/jenkins,True
2847,rabbitmq/rabbitmq-tutorials,False
2848,atomfrede/generator-jhipster,True
2849,cstudioteam/handywedge,False
2850,ssoloff/triplea-game-triplea,True
